"ID","block_plot","block","plot","species","Soil_depth","tot_dry_weight_aff","FRB_g_cm3","SRL_m_g","RLD_m_m3","mycelium","length_aff_cm","surfarea_cm2","avgdiam_mm","rootvol_aff_class_cm3","RTD_g_cm3","tips","forks","crossings","ntips_length_n_cm","nforks_length_n_cm","RDMC_dry_g_fresh_g","h2o","RLD_cm_cm3","SRA_cm2_g","ntips_length_n_cm_log1","RLD_cm_cm3_log1","SRL_m_g_log1","SRA_cm2_g_log1","length_aff_cm_sqrt","RDMC_dry_g_fresh_g_log1","rootvol_aff_class_cm3_log1"
"2_2_QURU_0_5_500_180815_AF","22","2",2,"Quercus rubra","0-5",0.4132,0.0045,55.1,248025.1,"no",2278.28532434428,118.8755,0.2066,0.804,0.514,10057,11376,1605,4.41,4.99,0.58,"Low",24.80251,287.694820909971,1.68824909285839,3.25047177401722,4.02713581252865,5.66537014715907,47.7313872032259,0.457424847038875,0.590006421640432
"2_2_QURU_5_10_500_180815_AF","22","2",2,"Quercus rubra","5-10",0.5016,0.0055,79.3,439297.9,"no",3975.52774157531,66.976,0.2064,0.215,2.333,4568,4252,566,1.15,1.07,0.74,"Low",43.92979,133.524720893142,0.765467842139571,3.80510104913391,4.38576962095272,4.90174798061505,63.0517861886189,0.553885113226438,0.194744076792512
"2_2_QURU_10_15_500_180815_AF","22","2",2,"Quercus rubra","10-15",0.7706,0.0085,61.6,525479.7,"no",4748.69122012437,84.3739,0.2027,2.183,0.353,7571,7677,1294,1.59,1.62,0.49,"Low",52.54797,109.491175707241,0.951657875711446,3.98057788767848,4.13676527810605,4.70493565991598,68.9107482191593,0.398776119957368,1.15782414829996
"2_2_QURU_15_20_500_180815_AF","22","2",2,"Quercus rubra","15-20",0.4651,0.0051,72,370507.1,"no",3347.73415841787,58.2025,0.2071,0.716,0.649,4818,4024,466,1.44,1.2,0.67,"Low",37.05071,125.139754891421,0.89199803930511,3.63891974379195,4.29045944114839,4.83739045808649,57.8596073130286,0.512823626428664,0.539996001065771
"2_2_QURU_20_30_500_180815_AF","22","2",2,"Quercus rubra","20-30",0.096,5e-04,91,47789.9,"no",873.294058891909,30.5356,0.2178,0.308,0.312,3539,2903,370,4.05,3.32,0.4,"Low",4.77899,318.079166666667,1.61938824328727,1.75422892693096,4.52178857704904,5.76543924336428,29.5515491792209,0.336472236621213,0.268499253035007
"2_4_LALA_0_5_500_180814_AF","24","2",4,"Larix laricina","0-5",0.9338,0.0116,32,369929.6,"no",2989.80510929744,59.7307,0.4104,3.418,0.273,1924,1394,72,0.64,0.47,0.39,"Low",36.99296,63.9651959734419,0.494696241836107,3.63740087940515,3.49650756146648,4.1738516799305,54.6791103557605,0.3293037471426,1.48568710499793
"2_4_LALA_5_10_500_180814_AF","24","2",4,"Larix laricina","5-10",0.2027,0.0026,37.5,95645.9,"no",760.101980928528,18.8982,0.4524,1.012,0.2,634,509,28,0.83,0.67,0.3,"Low",9.56459,93.2323630981746,0.60431596685333,2.35750784293213,3.65065824129374,4.54576367988548,27.5699470606769,0.262364264467491,0.699129252237493
"2_4_LALA_10_15_500_180814_AF","24","2",4,"Larix laricina","10-15",0.0019,0,83.3,1701.9,"no",15.45791209684,0.6138,0.4404,0.008,0.236,6,4,0,0.39,0.26,0.22,"Low",0.17019,323.052631578947,0.3293037471426,0.157166128787716,4.43438186500781,5.78090594574477,3.93165513452541,0.198850858745165,0.00796816964917688
"2_4_LALA_15_20_500_180814_AF","24","2",4,"Larix laricina","15-20",0.0201,2e-04,132.6,30285.1,"no",266.697243253591,4.4879,0.4519,0.116,0.173,205,131,6,0.77,0.49,0.25,"Low",3.02851,223.278606965174,0.570979546585738,1.39339658054555,4.89485026110255,5.41288906009464,16.3308678046695,0.22314355131421,0.109750863959119
"2_4_LALA_20_30_500_180814_AF","24","2",4,"Larix laricina","20-30",0.0909,6e-04,32.3,18317.8,"no",293.699464599757,16.66,0.4233,0.322,0.282,659,579,30,2.24,1.97,0.35,"Low",1.83178,183.278327832783,1.17557332980424,1.04090548919813,3.5055573969864,5.21644726596959,17.1376621684452,0.300104592450338,0.279145741429495
"2_9_PIGL_0_5_500_180814_AF","29","2",9,"Picea glauca","0-5",0.6109,0.0075,35.4,264929.7,"yes",2161.02567004268,64.9943,0.3187,1.126,0.543,2955,2806,246,1.37,1.3,0.27,"Low",26.49297,106.391062367,0.86288995514704,3.31393033562834,3.5945687746427,4.67647696042758,46.4868332976412,0.2390169004705,0.754242279919756
"2_9_PIGL_5_10_500_180814_AF","29","2",9,"Picea glauca","5-10",0.4913,0.0054,51,276879.8,"no",2507.72327268877,39.6876,0.3427,1.669,0.294,1568,1082,104,0.63,0.43,0.36,"Low",27.68798,80.7807856706697,0.488580014818671,3.35647821970693,3.95124371858143,4.40404232201519,50.0771731699062,0.307484699747961,0.981703870422387
"2_9_PIGL_10_15_500_180814_AF","29","2",9,"Picea glauca","10-15",0.5394,0.0059,50.9,299210.7,"no",2743.99981304925,15.3516,0.3479,1.403,0.384,463,307,14,0.17,0.11,0.43,"Low",29.92107,28.460511679644,0.157003748809665,3.43143782855384,3.94931879017184,3.38305077950701,52.3832016303819,0.357674444271816,0.876717956754332
"2_9_PIGL_15_20_500_180814_AF","29","2",9,"Picea glauca","15-20",0.1252,0.0014,53.8,74783.6,"no",673.596127835444,18.2408,0.3673,0.49,0.255,592,569,33,0.88,0.84,0.32,"Low",7.47836,145.693290734824,0.631271776841858,2.13751703487393,4.00369019395397,4.98834394950747,25.9537305186642,0.27763173659828,0.398776119957368
"2_9_PIGL_20_30_500_180814_AF","29","2",9,"Picea glauca","20-30",0.0781,4e-04,45.3,19736.2,"no",353.681546882777,10.1545,0.3396,0.186,0.419,395,375,36,1.12,1.06,0.34,"Low",1.97362,130.019206145967,0.751416088683921,1.08978006583247,3.83514196109219,4.87534392425596,18.8064230220097,0.29266961396282,0.170586300575534
"2_7_BEPA_0_5_500_180816_AF","27","2",7,"Betula papyrifera","0-5",0.6597,0.0073,39.8,292238.8,"no",2628.36751414611,51.7149,0.2442,0.633,1.042,3329,3226,427,1.27,1.23,0.69,"Low",29.22388,78.3915416098227,0.819779831493311,3.40863234039659,3.70868208141012,4.37439183373495,51.2676068697,0.524728528934982,0.490418813988328
"2_7_BEPA_5_10_500_180816_AF","27","2",7,"Betula papyrifera","5-10",0.1237,0.0014,99.4,137574.4,"no",1228.9916990921,28.9475,0.2908,0.579,0.214,1520,1492,135,1.24,1.21,0.37,"Low",13.75744,234.013742926435,0.806475865866949,2.69174736239515,4.60916220725763,5.45964399297226,35.0569778944521,0.314810739840034,0.456791735273505
"2_7_BEPA_10_15_500_180816_AF","27","2",7,"Betula papyrifera","10-15",0.0908,0.0012,82.1,94738,"no",745.481218408548,12.0947,0.2981,0.252,0.36,608,612,62,0.82,0.82,0.33,"Low",9.4738,133.20154185022,0.598836501088704,2.34887690077333,4.4200447018614,4.89934271366845,27.3035019440464,0.285178942233662,0.224742272677907
"2_7_BEPA_15_20_500_180816_AF","27","2",7,"Betula papyrifera","15-20",0.0996,0.0011,140.2,155076.7,"no",1396.62536542379,19.1663,0.2613,0.274,0.364,1276,1087,117,0.91,0.78,0.33,"Low",15.50767,192.432730923695,0.647103242058539,2.8038251213828,4.95017732505914,5.26492980822252,37.3714512084263,0.285178942233662,0.242161557149972
"2_7_BEPA_20_30_500_180816_AF","27","2",7,"Betula papyrifera","20-30",0.0622,4e-04,76,29877.4,"no",472.243849620726,4.249,0.3332,0.235,0.265,232,234,14,0.49,0.5,0.38,"Low",2.98774,68.3118971061093,0.398776119957368,1.38322465438751,4.34380542185368,4.23861656687415,21.7311723020348,0.322083499169113,0.21107097007994
"2_14_PIST_0_5_500_180817_AF","214","2",14,"Pinus strobus","0-5",0.6462,0.007,23.8,167227.1,"no",1535.83083766071,80.8313,0.4598,2.121,0.305,2328,2366,196,1.52,1.54,0.34,"Low",16.72271,125.087124729186,0.924258901523332,2.87484686802089,3.21084365317094,4.83697313410359,39.1896776927383,0.29266961396282,1.13815346328864
"2_14_PIST_5_10_500_180817_AF","214","2",14,"Pinus strobus","5-10",0.4512,0.0049,13.2,64403.3,"no",594.304093664612,54.3929,0.5483,1.018,0.443,1437,1301,65,2.42,2.19,0.34,"Low",6.44033,120.551640070922,1.22964055107451,2.00691520270006,2.65324196460721,4.80033919364455,24.3783529727628,0.29266961396282,0.702106921931417
"2_14_PIST_10_15_500_180817_AF","214","2",14,"Pinus strobus","10-15",0.4876,0.0055,14.8,80641.9,"no",720.288848369884,41.8878,0.6754,1.694,0.288,665,588,14,0.92,0.82,0.3,"Low",8.06419,85.9060705496308,0.65232518603969,2.20433148555367,2.76000994003292,4.46482788655911,26.8381975618685,0.262364264467491,0.991027077988172
"2_14_PIST_15_20_500_180817_AF","214","2",14,"Pinus strobus","15-20",0.257,0.0029,21.1,60691.5,"no",541.297164312141,12.9455,0.6672,0.926,0.278,204,194,3,0.38,0.36,0.33,"Low",6.06915,50.3715953307393,0.322083499169113,1.95574024637237,3.09557760852371,3.93908539968587,23.2657938680833,0.285178942233662,0.655445313375934
"2_14_PIST_20_30_500_180817_AF","214","2",14,"Pinus strobus","20-30",0.0051,0,92.1,2731.4,"no",47.3893728914611,1.0813,0.6568,0.024,0.217,19,11,0,0.4,0.23,0.21,"Low",0.27314,212.019607843137,0.336472236621213,0.241486289961926,4.53367418428302,5.36138421707415,6.88399396364212,0.19062035960865,0.0237165266173161
"2_12_ACSA_0_5_500_180821_AF","212","2",12,"Acer saccharum","0-5",0.98,0.0105,42.9,450304.1,"no",4208.2571995955,213.4855,0.3542,4.48,0.219,5027,6978,944,1.19,1.66,0.28,"Low",45.03041,217.842346938776,0.783901543828409,3.82930226502389,3.78191432008113,5.38835159358875,64.8710813814253,0.246860077931526,1.70110510095992
"2_12_ACSA_5_10_500_180821_AF","212","2",12,"Acer saccharum","5-10",0.3071,0.0042,49.4,206518.7,"no",1516.96229640985,63.2836,0.3304,1.204,0.255,1659,1516,219,1.09,1,0.28,"Low",20.65187,206.068381634647,0.73716406597672,3.07509182485242,3.91999117507732,5.33304908477422,38.9482001690688,0.246860077931526,0.790273891290668
"2_12_ACSA_10_15_500_180821_AF","212","2",12,"Acer saccharum","10-15",0.2533,0.0028,50.3,139576.7,"no",1273.1266,61.1267,0.3493,1.2,0.211,1272,1285,117,1,1.01,0.26,"Low",13.95767,241.321358073431,0.693147180559945,2.70522421175315,3.93769075217672,5.4902647711661,35.680899652335,0.231111720963387,0.78845736036427
"2_12_ACSA_15_20_500_180821_AF","212","2",12,"Acer saccharum","15-20",0.1607,0.0017,53.9,93838,"no",866.504008159602,41.9832,0.4007,0.928,0.173,663,453,45,0.77,0.52,0.18,"Low",9.3838,261.252022401991,0.570979546585738,2.34024689937563,4.00551334851548,5.56930595897972,29.436440140744,0.165514438477573,0.656483196188354
"2_12_ACSA_20_30_500_180821_AF","212","2",12,"Acer saccharum","20-30",0.1642,9e-04,50.6,43569.7,"no",830.584149862888,48.356,0.3939,0.905,0.181,786,759,81,0.95,0.91,0.2,"Low",4.35697,294.494518879415,0.667829372575655,1.6783985167338,3.94352167248752,5.6886502880427,28.8198568674948,0.182321556793955,0.644482008578664
"1_8_PIST_0_5_500_180822_AF","18","1",8,"Pinus strobus","0-5",1.9848,0.0216,23.8,512263.7,"no",4715.11528942552,67.4121,0.5382,6.465,0.307,832,508,11,0.18,0.11,0.35,"High",51.22637,33.9641777509069,0.165514438477573,3.95558753974576,3.21084365317094,3.55432404453174,68.6666970912794,0.300104592450338,2.01022543099115
"1_8_PIST_5_10_500_180822_AF","18","1",8,"Pinus strobus","5-10",0.4549,0.0053,33.9,180430.8,"no",1540.45724251525,38.9526,0.5693,1.489,0.306,668,509,13,0.43,0.33,0.28,"High",18.04308,85.6289294350407,0.357674444271816,2.9467037809866,3.55248682920838,4.46163381792474,39.2486591174176,0.246860077931526,0.911881023385455
"1_8_PIST_10_15_500_180822_AF","18","1",8,"Pinus strobus","10-15",0.2499,0.0031,34.8,108909,"no",870.467044277073,13.4713,0.6118,1.176,0.212,194,123,4,0.22,0.14,0.24,"High",10.8909,53.906762705082,0.198850858745165,2.47577340169844,3.57794789340665,4.00563652317111,29.503678487217,0.215111379616945,0.777488328993696
"1_8_PIST_15_20_500_180822_AF","18","1",8,"Pinus strobus","15-20",0.2925,0.0036,30.8,109500.4,"no",902.030171523946,17.8318,0.6006,1.201,0.243,269,195,5,0.3,0.22,0.27,"High",10.95004,60.9634188034188,0.262364264467491,2.48073462565225,3.45946628978613,4.12654419161551,30.0338171320921,0.2390169004705,0.788911802544325
"1_8_PIST_20_30_500_180822_AF","18","1",8,"Pinus strobus","20-30",0.1322,7e-04,41.4,30785,"no",548.105295475797,9.3418,0.5894,0.805,0.164,108,44,2,0.2,0.08,0.19,"High",3.0785,70.6641452344932,0.182321556793955,1.4057292737585,3.74714836223791,4.27199055606611,23.4116487133178,0.173953307123438,0.590560591784844
"1_1_ACSA_0_5_500_180822_AF","11","1",1,"Acer saccharum","0-5",0.7475,0.0094,52,488055.6,"no",3886.97322836152,97.4261,0.2917,2.547,0.293,2134,1578,315,0.55,0.41,0.29,"High",48.80556,130.335919732441,0.438254930931155,3.90812662438494,3.97029191355212,4.87775831383014,62.3455950999068,0.254642218373581,1.26610217579148
"1_1_ACSA_5_10_500_180822_AF","11","1",1,"Acer saccharum","5-10",0.3165,0.0039,74,290529,"no",2341.45500061697,89.0123,0.32,1.415,0.224,1715,1359,199,0.73,0.58,0.22,"High",29.0529,281.239494470774,0.548121408509688,3.40295916214846,4.31748811353631,5.64275598168436,48.3885833706358,0.198850858745165,0.881699287104536
"1_1_ACSA_10_15_500_180822_AF","11","1",1,"Acer saccharum","10-15",0.2794,0.0034,50.3,171781.8,"no",1405.82678642726,82.6054,0.3563,1.402,0.199,1914,2310,224,1.36,1.64,0.2,"High",17.17818,295.652827487473,0.858661619037519,2.90022197372699,3.93769075217672,5.69256252405135,37.4943567277432,0.182321556793955,0.876301723657792
"1_1_ACSA_15_20_500_180822_AF","11","1",1,"Acer saccharum","15-20",0.1879,0.0024,61.1,144405.3,"no",1149.02837511833,60.9139,0.3679,1.199,0.157,1311,818,63,1.14,0.71,0.16,"High",14.44053,324.182543906333,0.76080582903376,2.73699587043236,4.12874598893943,5.78438669820813,33.8973210610858,0.148420005118273,0.788002711572624
"1_1_ACSA_20_30_500_180822_AF","11","1",1,"Acer saccharum","20-30",0.2438,0.0025,47.2,116608.6,"no",1149.7376,99.4491,0.3769,1.251,0.195,1810,1312,131,1.57,1.14,0.16,"High",11.66086,407.912633305989,0.943905898907129,2.53851534489859,3.87535902105655,6.01350152272602,33.9077808179775,0.148420005118273,0.811374561924595
"1_5_QURU_0_5_500_180822_AF","15","1",5,"Quercus rubra","0-5",1.0846,0.0135,67.4,912807.1,"no",7307.50045035363,446.8589,0.2723,4.843,0.224,23693,33468,5298,3.24,4.58,0.32,"High",91.28071,412.003411395906,1.44456326924387,4.52483512725081,4.22537282462851,6.02345585296543,85.4839192500767,0.27763173659828,1.7652443635723
"1_5_QURU_5_10_500_180822_AF","15","1",5,"Quercus rubra","5-10",0.2219,0.0026,113.9,301308.3,"no",2528.59829393731,92.1187,0.2334,1.139,0.195,4859,4109,652,1.92,1.63,0.3,"High",30.13083,415.136097341145,1.07158361628019,3.43819864648163,4.74406218485471,6.03101236382712,50.2851697216715,0.262364264467491,0.760338430100269
"1_5_QURU_10_15_500_180822_AF","15","1",5,"Quercus rubra","10-15",0.1463,0.0017,137.9,239329.7,"no",2016.47323872253,81.0923,0.2589,1.009,0.145,4182,3470,328,2.07,1.72,0.3,"High",23.93297,554.287764866712,1.12167756159911,3.21619102401363,4.9337542497603,6.31948647462955,44.9051582640851,0.262364264467491,0.697637085832797
"1_5_QURU_15_20_500_180822_AF","15","1",5,"Quercus rubra","15-20",0.155,0.0019,124.8,232273.6,"no",1934.38953215238,54.4932,0.244,1.036,0.15,2533,2148,345,1.31,1.11,0.48,"High",23.22736,351.569032258065,0.837247524533702,3.18748257305245,4.83469334426634,5.86524643927201,43.9816954215317,0.392042087776024,0.710987098688276
"1_5_QURU_20_30_500_180822_AF","15","1",5,"Quercus rubra","20-30",0.3446,0.0019,80.8,154445.1,"no",2784.71955809371,44.5218,0.2741,1.928,0.179,1348,1059,153,0.48,0.38,0.28,"High",15.44451,129.198491004063,0.392042087776024,2.79999168290644,4.4042772436087,4.86906013987676,52.7704420873438,0.246860077931526,1.07431959609907
"1_21_PIGL_0_5_500_180823_AF","121","1",21,"Picea glauca","0-5",2.5595,0.0274,30.1,825956.3,"no",7716.19247145179,56.5822,0.3709,7.49,0.342,1377,1105,54,0.18,0.14,0.31,"High",82.59563,22.1067395975777,0.165514438477573,4.42599124599712,3.43720781918519,3.14012433244571,87.8418605873748,0.27002713721306,2.13888900032326
"1_21_PIGL_5_10_500_180823_AF","121","1",21,"Picea glauca","5-10",0.5874,0.0063,61.7,390387.1,"no",3625.37702225868,23.4371,0.3724,2.508,0.234,576,399,25,0.16,0.11,0.28,"High",39.03871,39.8997276132108,0.148420005118273,3.6898467361458,4.13836144763888,3.71112340320288,60.2111038119937,0.246860077931526,1.25504607450994
"1_21_PIGL_10_15_500_180823_AF","121","1",21,"Picea glauca","10-15",0.3642,0.0039,52.1,205126.9,"no",1898.17772530955,33.7897,0.3665,1.345,0.271,1141,944,76,0.6,0.5,0.29,"High",20.51269,92.777869302581,0.470003629245736,3.06864299357303,3.97217692824789,4.54092889323465,43.5680814967741,0.254642218373581,0.852285401898243
"1_21_PIGL_15_20_500_180823_AF","121","1",21,"Picea glauca","15-20",0.0548,6e-04,59.2,34563.6,"no",324.677438218364,6.2698,0.4415,0.213,0.258,165,109,1,0.51,0.34,0.26,"High",3.45636,114.412408759124,0.412109650826833,1.49433228930779,4.09767235231478,4.74851187653523,18.0188079022549,0.231111720963387,0.193096629961913
"1_21_PIGL_20_30_500_180823_AF","121","1",21,"Picea glauca","20-30",0.465,0.0025,41.1,102323.1,"yes",1909.57886841696,34.9321,0.3484,2.151,0.216,1334,1308,105,0.7,0.68,0.22,"High",10.23231,75.1227956989247,0.53062825106217,2.41879444661769,3.74004774068834,4.33234776927485,43.6987284530907,0.198850858745165,1.14771986277514
"1_15_BEPA_0_5_500_180823_AF","115","1",15,"Betula papyrifera","0-5",0.6279,0.0067,61.3,411590.1,"no",3847.36091870142,139.9371,0.2788,2.79,0.225,6251,6959,1056,1.62,1.81,0.35,"High",41.15901,222.865265169613,0.963174317773006,3.74144842198397,4.13196142579341,5.41104437610597,62.0270982611747,0.300104592450338,1.33236601909433
"1_15_BEPA_5_10_500_180823_AF","115","1",15,"Betula papyrifera","5-10",0.1334,0.0014,166.7,238614.8,"no",2224.13221793391,29.9407,0.3017,0.687,0.194,1034,873,109,0.46,0.39,0.23,"High",23.86148,224.443028485757,0.378436435720245,3.21331961769749,5.12217666882916,5.41806748172656,47.1607062917203,0.207014169384326,0.522951803563831
"1_15_BEPA_10_15_500_180823_AF","115","1",15,"Betula papyrifera","10-15",0.1263,0.0014,88.8,120773.2,"no",1121.51940388828,32.879,0.3552,0.859,0.147,1015,844,81,0.91,0.75,0.21,"High",12.07732,260.324623911322,0.647103242058539,2.57087943206926,4.49758497530815,5.56576340425701,33.4890938051223,0.19062035960865,0.620038708739307
"1_15_BEPA_15_20_500_180823_AF","115","1",15,"Betula papyrifera","15-20",0.453,0.0049,49.3,240446.4,"no",2233.20940215162,50.191,0.3819,2.642,0.171,1803,1524,118,0.81,0.68,0.22,"High",24.04464,110.796909492274,0.593326845277734,3.2206598325797,3.91800507710569,4.71668391715711,47.2568450295999,0.198850858745165,1.29253298130542
"1_15_BEPA_20_30_500_180823_AF","115","1",15,"Betula papyrifera","20-30",0.575,0.003,65.8,199913,"no",3782.28346017714,66.49,0.4021,2.783,0.207,1652,1224,131,0.44,0.32,0.21,"High",19.9913,115.634782608696,0.364643113587909,3.0441080661691,4.2017030805426,4.75904753653884,61.5002720333588,0.19062035960865,1.33051734565089
"1_24_LALA_0_5_500_180823_AF","124","1",24,"Larix laricina","0-5",1.5412,0.0172,33.8,580933.2,"no",5209.26161320536,139.5626,0.4419,6.675,0.231,3772,3026,243,0.72,0.58,0.31,"High",58.09332,90.5545029846873,0.542324290825362,4.07911788925901,3.54961738678043,4.51693445598069,72.175214673774,0.27002713721306,2.03796829347326
"1_24_LALA_5_10_500_180823_AF","124","1",24,"Larix laricina","5-10",0.6037,0.0065,40,261597.1,"no",2414.3685207677,41.1052,0.4618,2.551,0.237,825,599,59,0.34,0.25,0.26,"High",26.15971,68.0887858207719,0.29266961396282,3.30173462516663,3.71357206670431,4.23539242846832,49.1362241199677,0.231111720963387,1.26722925396095
"1_24_LALA_10_15_500_180823_AF","124","1",24,"Larix laricina","10-15",0.5672,0.0061,36.2,221607.5,"no",2053.20774491608,33.7494,0.4862,2.076,0.273,704,681,36,0.34,0.33,0.28,"High",22.16075,59.5017630465444,0.29266961396282,3.14245903560015,3.6163087612791,4.10267250587739,45.3123354608442,0.246860077931526,1.1236300516434
"1_24_LALA_15_20_500_180823_AF","124","1",24,"Larix laricina","15-20",0.1418,0.0016,28,44792.7,"no",396.352246538519,18.3445,0.5632,0.67,0.212,417,296,14,1.05,0.75,0.25,"High",4.47927,129.368829337094,0.717839793150317,1.70097188040763,3.36729582998647,4.87036758209226,19.9085973021335,0.22314355131421,0.512823626428664
"1_24_LALA_20_30_500_180823_AF","124","1",24,"Larix laricina","20-30",0.1935,0.001,43.5,44370.2,"no",841.616567099042,37.5752,0.5758,1.556,0.124,665,504,20,0.79,0.6,0.16,"High",4.43702,194.187080103359,0.582215619852664,1.69323111665619,3.79548918917219,5.27395848379338,29.0106285195451,0.148420005118273,0.938443536515288
"6_20_QURU_0_5_500_180823_AF","620","6",20,"Quercus rubra","0-5",0.8321,0.0101,67.7,684521.7,"no",5633.8381,208.0023,0.2477,2.95,0.282,9876,12220,2103,1.75,2.17,0.41,"Low",68.45217,249.972719625045,1.01160091167848,4.24063831421258,4.2297491992283,5.52534424647214,75.0588975405315,0.343589704390077,1.37371557891303
"6_20_QURU_5_10_500_180823_AF","620","6",20,"Quercus rubra","5-10",0.3113,0.0038,78.7,297386.7,"no",2448.86761710488,90.6364,0.2688,1.283,0.243,4410,3594,452,1.8,1.47,0.42,"Low",29.73867,291.154513331192,1.02961941718116,3.42552147107165,4.37826958579617,5.67728281755882,49.4860345663792,0.350656871613169,0.825490367547658
"6_20_QURU_10_15_500_180823_AF","620","6",20,"Quercus rubra","10-15",0.2633,0.0032,66.8,211148.9,"no",1759.11032739098,69.1757,0.2699,0.838,0.314,3710,2769,334,2.11,1.57,0.58,"Low",21.11489,262.72578807444,1.13462272619114,3.09625113730837,4.21656219494635,5.57490988180662,41.9417492171104,0.457424847038875,0.608678023933495
"6_20_QURU_15_20_500_180823_AF","620","6",20,"Quercus rubra","15-20",0.3719,0.0044,73.9,327029.1,"no",2748.84051259492,89.4557,0.2768,1.59,0.234,4827,3807,435,1.76,1.38,0.44,"Low",32.70291,240.536972304383,1.01523067972906,3.51758418377872,4.31615389052317,5.48702255580296,52.4293859643132,0.364643113587909,0.951657875711446
"6_20_QURU_20_30_500_180823_AF","620","6",20,"Quercus rubra","20-30",0.1712,0.0011,76.6,82318.1,"no",1311.28618700146,52.3374,0.2827,0.608,0.282,2246,1507,152,1.71,1.15,0.4,"Low",8.23181,305.709112149533,0.99694863489161,2.22265512896471,4.35156742718917,5.72589978098057,36.2116857796135,0.336472236621213,0.474991170756775
"6_23_PIGL_0_5_500_180824_AF","623","6",23,"Picea glauca","0-5",0.9901,0.0119,28.5,340473.9,"yes",2826.44598962179,31.9671,0.2934,3.087,0.321,1254,806,53,0.44,0.29,0.33,"Low",34.04739,32.2867387132613,0.364643113587909,3.55670114565801,3.38439026334577,3.50515908083005,53.1643300495905,0.285178942233662,1.40781120458214
"6_23_PIGL_5_10_500_180824_AF","623","6",23,"Picea glauca","5-10",0.3851,0.0047,37.1,175190.7,"no",1426.73624702327,40.6904,0.3741,1.182,0.326,1240,1060,75,0.87,0.74,0.35,"Low",17.51907,105.661905998442,0.625938430866495,2.91880101197445,3.64021428213266,4.66966407486505,37.7721623291978,0.300104592450338,0.780241887410879
"6_23_PIGL_10_15_500_180824_AF","623","6",23,"Picea glauca","10-15",0.3027,0.0037,18.1,66598,"no",547.334479825564,17.0958,0.4236,0.509,0.595,374,225,14,0.68,0.41,0.65,"Low",6.6598,56.4777006937562,0.518793793415168,2.03598587375106,2.94968833505258,4.05139705856237,23.3951806965786,0.500775287912489,0.411447179785712
"6_23_PIGL_15_20_500_180824_AF","623","6",23,"Picea glauca","15-20",0.1296,0.0016,38.2,61288,"no",495.554707520805,14.8952,0.4299,0.391,0.331,345,230,14,0.7,0.46,0.34,"Low",6.1288,114.932098765432,0.53062825106217,1.96414291731637,3.66867674679642,4.75300466424855,22.2610580952659,0.29266961396282,0.330022912941306
"6_23_PIGL_20_30_500_180824_AF","623","6",23,"Picea glauca","20-30",0.092,6e-04,19.9,12317.1,"no",183.092828731686,13.5117,0.5705,0.301,0.306,184,124,6,1,0.68,0.28,"Low",1.23171,146.866304347826,0.693147180559945,0.802768107762238,3.03974915897077,4.99630851649734,13.5311798721208,0.246860077931526,0.263133199530368
"6_12_ACSA_0_5_500_180824_AF","612","6",12,"Acer saccharum","0-5",0.8142,0.0095,38.6,368187.8,"no",3146.54370756682,135.6244,0.3012,2.249,0.362,3145,2866,478,1,0.91,0.41,"Low",36.81878,166.573814787521,0.693147180559945,3.63280580464549,3.67882911826043,5.12142393949051,56.0940612504285,0.343589704390077,1.17834725668696
"6_12_ACSA_5_10_500_180824_AF","612","6",12,"Acer saccharum","5-10",0.1624,0.0019,60.8,113927.7,"no",988.178300067324,77.6726,0.3461,0.757,0.215,1611,1405,173,1.63,1.42,0.3,"Low",11.39277,478.279556650246,0.966983846189673,2.51711323804664,4.12390336446365,6.17228405274237,31.4353034034559,0.262364264467491,0.56360780920496
"6_12_ACSA_10_15_500_180824_AF","612","6",12,"Acer saccharum","10-15",0.1812,0.0021,46.6,99466.6,"no",844.1864,70.1997,0.3675,0.855,0.212,1564,1022,117,1.85,1.21,0.23,"Low",9.94666,387.415562913907,1.04731899428056,2.39303438690253,3.86283276123737,5.96207580490872,29.0548859918603,0.207014169384326,0.617884696059398
"6_12_ACSA_15_20_500_180824_AF","612","6",12,"Acer saccharum","15-20",0.1568,0.0018,56,99006.2,"no",877.074411650023,47.0248,0.3804,0.691,0.227,1030,852,60,1.17,0.97,0.22,"Low",9.90062,299.90306122449,0.774727167552368,2.3888196683514,4.04305126783455,5.7067881571452,29.6154421147148,0.198850858745165,0.525320069916443
"6_12_ACSA_20_30_500_180824_AF","612","6",12,"Acer saccharum","20-30",0.262,0.0034,41.7,143839.7,"no",1093.00334213755,53.0802,0.3783,1.151,0.228,1067,736,58,0.98,0.67,0.23,"Low",14.38397,202.596183206107,0.683096844706444,2.73332605820657,3.75419892023458,5.31613853796876,33.0606010552977,0.207014169384326,0.765932850285593
"6_3_BEPA_0_5_500_180827_AF","63","6",3,"Betula papyrifera","0-5",0.7993,0.0099,37.3,369516.9,"yes",2978.53959308772,111.1053,0.2546,2.08,0.384,10097,7418,857,3.39,2.49,0.34,"Low",36.95169,139.00325284624,1.47932922708708,3.63631403512942,3.6454498961866,4.94166565695539,54.5759983242425,0.29266961396282,1.12492959698548
"6_3_BEPA_5_10_500_180827_AF","63","6",3,"Betula papyrifera","5-10",0.1438,0.0018,60.3,106786.2,"yes",867.489217697863,18.8674,0.2251,0.352,0.409,1603,783,90,1.85,0.9,0.29,"Low",10.67862,131.205841446453,1.04731899428056,2.45775981973481,4.11577984294217,4.88436011287448,29.4531699091603,0.254642218373581,0.301584977620772
"6_3_BEPA_10_15_500_180827_AF","63","6",3,"Betula papyrifera","10-15",0.1178,0.0015,96.9,146889.8,"no",1141.36209199256,31.3342,0.2811,0.54,0.218,1613,1582,196,1.41,1.39,0.32,"Low",14.68898,265.994906621392,0.879626747502564,2.7529585550715,4.58394654953646,5.58722958189392,33.7840508523262,0.27763173659828,0.431782416425538
"6_3_BEPA_15_20_500_180827_AF","63","6",3,"Betula papyrifera","15-20",0.1807,0.0022,77.6,174264.8,"yes",1401.72974288071,13.5227,0.298,0.779,0.232,1065,650,68,0.76,0.46,0.22,"Low",17.42648,74.8350857775318,0.56531380905006,2.91378876049397,4.36437169943516,4.32856105861015,37.439681393953,0.198850858745165,0.576051408683698
"6_3_BEPA_20_30_500_180827_AF","63","6",3,"Betula papyrifera","20-30",0.0619,3e-04,95.5,31940.8,"no",591.456509039468,16.5221,0.3386,0.338,0.183,671,434,33,1.13,0.73,0.32,"Low",3.19408,266.915993537964,0.756121979721334,1.43367400716667,4.56954300834494,5.59067347442507,24.3198788862006,0.27763173659828,0.291175961706037
"6_9_LALA_0_5_500_180827_AF","69","6",9,"Larix laricina","0-5",1.5697,0,0,0,"no",0,0,0,0,0,0,0,0,0,0,0.51,"Low",0,0,0,0,0,0,0,0.412109650826833,0
"6_9_LALA_5_10_500_180827_AF","69","6",9,"Larix laricina","5-10",0.1016,0.0013,24.5,31411,"no",248.838434469256,15.5683,0.5545,2.518,0.04,268,181,4,1.08,0.73,0.33,"Low",3.1411,153.231299212598,0.732367893713227,1.42096145302819,3.23867845216438,5.03845341856439,15.7746136076056,0.285178942233662,1.25789264631537
"6_9_LALA_10_15_500_180827_AF","69","6",9,"Larix laricina","10-15",0.0964,0.0012,38.6,47109.2,"no",372.635797204563,10.0186,0.5199,1.579,0.061,204,120,7,0.55,0.32,0.36,"Low",4.71092,103.927385892116,0.438254930931155,1.74238013152998,3.67882911826043,4.65326854798535,19.3037767601204,0.307484699747961,0.947401726899208
"6_9_LALA_15_20_500_180827_AF","69","6",9,"Larix laricina","15-20",0.1247,0.0016,25.6,40584.1,"no",319.303716525363,16.2331,0.5407,2.399,0.052,327,264,8,1.02,0.83,0.28,"Low",4.05841,130.177225340818,0.703097511413113,1.62105220467001,3.28091121578765,4.87654927410064,17.8690715070863,0.246860077931526,1.22348127071398
"6_9_LALA_20_30_500_180827_AF","69","6",9,"Larix laricina","20-30",0.0951,7e-04,23.2,16850.3,"no",220.285695684206,13.1937,0.5602,1.567,0.061,312,260,12,1.42,1.18,0.36,"Low",1.68503,138.735015772871,0.883767540168595,0.987691901082766,3.18635263316264,4.93974788462552,14.8420246490904,0.307484699747961,0.942737901889003
"6_13_PIST_0_5_500_180827_AF","613","6",13,"Pinus strobus","0-5",1.7796,0.0214,10.3,221049.6,"no",1838.77999569153,49.8714,0.5039,0.634,2.806,588,267,6,0.32,0.15,0.31,"Low",22.10496,28.0239379635873,0.27763173659828,3.14004731309372,2.42480272571829,3.3681209365127,42.8809980724741,0.27002713721306,0.491030996437811
"6_13_PIST_5_10_500_180827_AF","613","6",13,"Pinus strobus","5-10",0.3098,0.0037,21,78311.1,"no",651.441146884068,34.5431,0.5636,5.814,0.053,651,446,17,1,0.68,0.3,"Low",7.83111,111.501291155584,0.693147180559945,2.17828071452957,3.09104245335832,4.72296469851714,25.5233451350733,0.262364264467491,1.91897931923877
"6_13_PIST_10_15_500_180827_AF","613","6",13,"Pinus strobus","10-15",0.2507,0.0031,20.8,63857.1,"no",520.531918705224,13.7392,0.5641,1.645,0.152,227,154,8,0.44,0.3,0.34,"Low",6.38571,54.8033506182689,0.364643113587909,1.99954705218811,3.08190996979504,4.0218339145069,22.8151686100547,0.29266961396282,0.972671065310263
"6_13_PIST_15_20_500_180827_AF","613","6",13,"Pinus strobus","15-20",0.0585,7e-04,36,25870.6,"no",210.617552637606,3.8929,0.5579,0.751,0.078,54,30,0,0.26,0.14,0.32,"Low",2.58706,66.5452991452991,0.231111720963387,1.27733292548022,3.61091791264422,4.21279847124149,14.5126686945443,0.27763173659828,0.560187053303715
"6_13_PIST_20_30_500_180827_AF","613","6",13,"Pinus strobus","20-30",0.2423,0.0016,19.4,31946.8,"no",471.158003812821,17.6596,0.7271,3.109,0.078,213,134,1,0.45,0.28,0.37,"Low",3.19468,72.8832026413537,0.371563556432483,1.43381705572236,3.01553490085017,4.30248550362475,21.7061743246667,0.314810739840034,1.41317968990127
"5_4_QURU_0_5_500_180828_AF","54","5",4,"Quercus rubra","0-5",0.7643,0.0085,50.6,430362.9,"no",3867.70901682285,165.0497,0.2628,8.174,0.094,8767,10317,1428,2.27,2.67,0.54,"Low",43.03629,215.948842077718,1.18478998490916,3.78501406670741,3.94352167248752,5.37966157495295,62.1909078308305,0.431782416425538,2.21637339617498
"5_4_QURU_5_10_500_180828_AF","54","5",4,"Quercus rubra","5-10",0.1429,0.0015,92,141922.2,"no",1314.46118582201,58.8921,0.2462,4.016,0.036,3886,3283,357,2.96,2.5,0.32,"Low",14.19222,412.121063680896,1.37624402526639,2.72078345471108,4.53259949315326,6.02374068240539,36.2554986977425,0.27763173659828,1.61263280333062
"5_4_QURU_10_15_500_180828_AF","54","5",4,"Quercus rubra","10-15",0.1013,0.0011,94.8,104925.8,"no",961.149238430361,35.5588,0.2589,2.528,0.04,2009,1491,161,2.09,1.55,0.34,"Low",10.49258,351.02467917078,1.12817109090965,2.44170160973558,4.56226268497681,5.86370128442104,31.0024069780132,0.29266961396282,1.26073113814454
"5_4_QURU_15_20_500_180828_AF","54","5",4,"Quercus rubra","15-20",0.0919,0.001,76.8,78348.5,"no",705.379695658774,20.8933,0.299,1.933,0.048,689,439,18,0.98,0.62,0.4,"Low",7.83485,227.348204570185,0.683096844706444,2.17870412769884,4.35414143118435,5.43087167697774,26.5589852151541,0.336472236621213,1.07602578999531
"5_4_QURU_20_30_500_180828_AF","54","5",4,"Quercus rubra","20-30",0.1364,7e-04,77.3,57884.6,"no",1054.97991939267,21.9449,0.2977,1.649,0.083,1003,642,54,0.95,0.61,0.38,"Low",5.78846,160.886363636364,0.667829372575655,1.91522411172295,4.36054760299676,5.08689463006009,32.4804544209694,0.322083499169113,0.974182210289933
"5_1_PIST_0_5_500_180828_AF","51","5",1,"Pinus strobus","0-5",0.7767,0.0084,17.2,143862.3,"yes",1335.73476831358,61.9755,0.4328,7.601,0.102,1755,1241,115,1.31,0.93,0.33,"Low",14.38623,79.7933565083044,0.837247524533702,2.73347295357963,2.90142159408275,4.39189474071481,36.5477053768575,0.285178942233662,2.15187847556934
"5_1_PIST_5_10_500_180828_AF","51","5",1,"Pinus strobus","5-10",0.298,0.0032,19.2,61396,"no",573.333927452637,22.9397,0.5817,3.547,0.084,382,304,5,0.67,0.53,0.33,"Low",6.1396,76.9788590604027,0.512823626428664,1.96565675237322,3.00568260440716,4.35643775226509,23.944392400991,0.285178942233662,1.51446767484287
"5_1_PIST_10_15_500_180828_AF","51","5",1,"Pinus strobus","10-15",0.2093,0.0023,26.7,60523.2,"no",559.800714186507,14.7646,0.593,2.872,0.073,263,158,2,0.47,0.28,0.35,"Low",6.05232,70.5427615862398,0.385262400790645,1.95335664070407,3.32143241319329,4.27029533507409,23.6601080763911,0.300104592450338,1.35377116941433
"5_1_PIST_15_20_500_180828_AF","51","5",1,"Pinus strobus","15-20",0.9018,0.0097,11.6,112423.7,"no",1047.77013392854,35.8362,0.6343,5.825,0.155,708,633,21,0.68,0.6,0.33,"Low",11.24237,39.7385229540918,0.518793793415168,2.50490288579178,2.53369681395743,3.70717415471903,32.3692776244472,0.285178942233662,1.92059234107102
"5_1_PIST_20_30_500_180828_AF","51","5",1,"Pinus strobus","20-30",0.1082,6e-04,29,17106.7,"no",313.602407151857,11.8051,0.5409,1.233,0.088,289,250,10,0.92,0.8,0.36,"Low",1.71067,109.104436229205,0.65232518603969,0.997195836807023,3.40119738166216,4.70142933564356,17.7088228618352,0.307484699747961,0.803345972858021
"5_7_BEPA_0_5_500_180828_AF","57","5",7,"Betula papyrifera","0-5",0.4754,0.0051,52.3,267271,"no",2488.56693118643,105.9902,0.3184,5.626,0.084,5098,4977,556,2.05,2,0.34,"Low",26.7271,222.949516196887,1.11514159061932,3.32241027428144,3.9759363311718,5.41142065233343,49.8855382970499,0.29266961396282,1.8910013038777
"5_7_BEPA_5_10_500_180828_AF","57","5",7,"Betula papyrifera","5-10",0.0433,5e-04,99.1,46047.6,"no",429.328372547837,13.2237,0.332,1.368,0.032,537,517,47,1.25,1.2,0.3,"Low",4.60476,305.397228637413,0.810930216216329,1.72361623669568,4.60616968632117,5.72488239290847,20.7202406488882,0.262364264467491,0.862045717021759
"5_7_BEPA_10_15_500_180828_AF","57","5",7,"Betula papyrifera","10-15",0.045,5e-04,67.3,32765.4,"no",302.624764818356,10.0324,0.3403,1.003,0.045,442,315,30,1.46,1.04,0.27,"Low",3.27654,222.942222222222,0.900161349944271,1.45314427143819,4.22390976657674,5.41138808207576,17.3961134975131,0.2390169004705,0.694646056683681
"5_7_BEPA_15_20_500_180828_AF","57","5",7,"Betula papyrifera","15-20",0.1071,0.0011,57.2,65587.1,"no",612.909699697119,15.4706,0.3213,1.086,0.099,876,583,35,1.43,0.95,0.34,"Low",6.55871,144.450046685341,0.887891257352457,2.02270054071101,4.06388535473739,4.97983270591291,24.757013141676,0.29266961396282,0.735248356578581
"5_7_BEPA_20_30_500_180828_AF","57","5",7,"Betula papyrifera","20-30",0.0939,5e-04,82.8,42589.7,"no",777.238567861303,14.8951,0.3512,4.388,0.021,528,441,27,0.68,0.57,0.24,"Low",4.25897,158.627263045793,0.518793793415168,1.65993519008438,4.42843300748804,5.07284149151638,27.8789986882833,0.215111379616945,1.68417425854812
"5_13_LALA_0_5_500_180830_AF","513","5",13,"Larix laricina","0-5",0.9106,0.0096,33.2,319804.9,"no",3024.48534825642,142.0919,0.3975,10.436,0.087,4822,3512,308,1.59,1.16,0.3,"Low",31.98049,156.042060180101,0.951657875711446,3.49591617451047,3.53222564406856,5.05651366870603,54.9953211487706,0.262364264467491,2.43676627446007
"5_13_LALA_5_10_500_180830_AF","513","5",13,"Larix laricina","5-10",0.5579,0.006,30.2,180136.2,"no",1685.98012658319,41.1232,0.5255,4.807,0.116,908,589,23,0.54,0.35,0.29,"Low",18.01362,73.7107008424449,0.431782416425538,2.94515556446312,3.44041809481544,4.31362333278222,41.0606883354772,0.254642218373581,1.75906408638991
"5_13_LALA_10_15_500_180830_AF","513","5",13,"Larix laricina","10-15",0.3515,0.0038,32.7,123335.3,"no",1150.52218651884,56.3933,0.4758,6.723,0.052,1611,1112,43,1.4,0.97,0.29,"Low",12.33353,160.43613086771,0.8754687373539,2.59028191533705,3.51749783735832,5.0841095899387,33.919348262,0.254642218373581,2.04420288958713
"5_13_LALA_15_20_500_180830_AF","513","5",13,"Larix laricina","15-20",0.064,7e-04,32.2,21628.5,"no",205.8578,8.2469,0.4904,1.055,0.061,252,242,9,1.22,1.18,0.41,"Low",2.16285,128.8578125,0.797507195884188,1.15147351986671,3.50254987592244,4.86644010187455,14.3477454674942,0.343589704390077,0.720275847948198
"5_13_LALA_20_30_500_180830_AF","513","5",13,"Larix laricina","20-30",0.4762,0.0026,27.8,72791.3,"no",1324.20924567081,59.8334,0.4614,6.736,0.071,1923,1559,72,1.45,1.18,0.28,"Low",7.27913,125.647627047459,0.896088024556636,2.1137378904129,3.3603753871419,4.84140863997101,36.3896859792828,0.246860077931526,2.04588475815099
"5_18_ACSA_0_5_500_180830_AF","518","5",18,"Acer saccharum","0-5",0.5918,0.0063,45.7,286934.2,"no",2703.11561339079,88.965,0.3173,6.16,0.096,2469,1903,182,0.91,0.7,0.28,"Low",28.69342,150.329503210544,0.647103242058539,3.39092547244154,3.84374416467485,5.01945959987153,51.9914955871707,0.246860077931526,1.96850998097255
"5_18_ACSA_5_10_500_180830_AF","518","5",18,"Acer saccharum","5-10",0.2629,0.0028,45.2,125108.1,"no",1187.84136990284,70.6,0.3765,5.721,0.046,1574,1453,128,1.33,1.22,0.21,"Low",12.51081,268.543172308863,0.845868267577609,2.6034901057633,3.83297979808769,5.59672857161531,34.4650746394497,0.19062035960865,1.90523695298783
"5_18_ACSA_10_15_500_180830_AF","518","5",18,"Acer saccharum","10-15",0.1916,0.002,44.8,90479.5,"no",857.454036543473,44.2435,0.3639,3.249,0.059,949,638,38,1.11,0.74,0.22,"Low",9.04795,230.915970772443,0.746687947487975,2.30736863359881,3.82428409112014,5.44637511111151,29.2823161062009,0.198850858745165,1.44668366113267
"5_18_ACSA_15_20_500_180830_AF","518","5",18,"Acer saccharum","15-20",0.0887,0.001,53.9,52734.3,"no",478.463691090584,33.2337,0.3911,3.244,0.027,610,397,27,1.27,0.83,0.18,"Low",5.27343,374.675310033822,0.819779831493311,1.83632325450962,4.00551334851548,5.92872523318282,21.8738129070033,0.165514438477573,1.44550622075174
"5_18_ACSA_20_30_500_180830_AF","518","5",18,"Acer saccharum","20-30",0.0547,3e-04,72.6,21559.3,"no",397.175404482807,19.5567,0.3294,0.768,0.071,444,171,8,1.12,0.43,0.19,"Low",2.15593,357.526508226691,0.751416088683921,1.149283222763,4.29864502573483,5.88200259936102,19.9292600084099,0.173953307123438,0.569848964215452
"5_20_PIGL_0_5_500_180830_AF","520","5",20,"Picea glauca","0-5",0.4206,0.0046,35.1,159816.8,"yes",1476.20926178726,74.9392,0.287,6.624,0.063,4548,2809,242,3.08,1.9,0.26,"Low",15.98168,178.172135045174,1.40609698841607,2.8321351159183,3.58629286533884,5.18834699205031,38.4214687614524,0.231111720963387,2.0313011663519
"5_20_PIGL_5_10_500_180830_AF","520","5",20,"Picea glauca","5-10",0.6119,0.0067,43.4,289488.5,"no",2654.09278314909,23.7445,0.3664,1.848,0.331,614,394,23,0.23,0.15,0.34,"Low",28.94885,38.8045432260173,0.207014169384326,3.39949092649538,3.79323946943818,3.68398105718309,51.5178879919304,0.29266961396282,1.04661699354973
"5_20_PIGL_10_15_500_180830_AF","520","5",20,"Picea glauca","10-15",0.254,0.0027,46.7,128428.7,"no",1187.09891524409,39.3795,0.3549,3.869,0.066,1492,755,46,1.26,0.64,0.28,"Low",12.84287,155.037401574803,0.815364813284194,2.62777029863355,3.8649313978943,5.05009573219785,34.4543018394524,0.246860077931526,1.58288857720056
"5_20_PIGL_15_20_500_180830_AF","520","5",20,"Picea glauca","15-20",0.3869,0.0041,40.3,166283.5,"no",1560.28229906654,34.3972,0.3724,2.622,0.148,1041,630,30,0.67,0.4,0.29,"Low",16.62835,88.9046265184802,0.512823626428664,2.86950840155913,3.72086249996699,4.49874940309534,39.5004088468276,0.254642218373581,1.28702635946122
"5_20_PIGL_20_30_500_180830_AF","520","5",20,"Picea glauca","20-30",0.0941,5e-04,41.2,20141.7,"no",387.521077643485,9.8226,0.3982,0.99,0.095,277,165,8,0.71,0.43,0.3,"Low",2.01417,104.384697130712,0.536493370514568,1.10332450206425,3.74242022104197,4.65761743705322,19.6855550504294,0.262364264467491,0.688134638736401
"3_3_LALA_0_5_500_180831_AF","33","3",3,"Larix laricina","0-5",0.4574,0.0051,29.8,152446.1,"no",1362.18307273126,78.7266,0.4242,10.156,0.045,2352,1352,98,1.73,0.99,0.35,"Low",15.24461,172.117621337997,1.00430160919687,2.78776116144599,3.42751468997953,5.15397125560299,36.9077643962793,0.300104592450338,2.41197746976524
"3_3_LALA_5_10_500_180831_AF","33","3",3,"Larix laricina","5-10",0.524,0.0062,29.7,183076.1,"no",1554.49020884417,19.5887,0.4959,2.493,0.21,435,341,26,0.28,0.22,0.34,"Low",18.30761,37.3830152671756,0.246860077931526,2.96049931871295,3.42426265459315,3.64761505099479,39.4270238395465,0.29266961396282,1.25076096582469
"3_3_LALA_10_15_500_180831_AF","33","3",3,"Larix laricina","10-15",0.1875,0.0022,27.1,58916.6,"no",508.3281,20.2874,0.4387,2.411,0.078,631,411,31,1.24,0.81,0.39,"Low",5.89166,108.199466666667,0.806475865866949,1.9303119848893,3.3357695763397,4.69317617929399,22.5461327060762,0.3293037471426,1.22700550343651
"3_3_LALA_15_20_500_180831_AF","33","3",3,"Larix laricina","15-20",0.1651,0.002,21.7,43973.8,"no",358.568622114293,11.9549,0.6403,1.563,0.106,235,172,4,0.66,0.48,0.27,"Low",4.39738,72.4100545124167,0.506817602368452,1.68591365064463,3.12236492448736,4.29606090869722,18.9359082727577,0.2390169004705,0.941178447381934
"3_3_LALA_20_30_500_180831_AF","33","3",3,"Larix laricina","20-30",0.1583,9e-04,47.3,43616.5,"no",748.129751049219,5.4205,0.4131,0.496,0.319,184,123,8,0.25,0.16,0.35,"Low",4.36165,34.2419456727732,0.22314355131421,1.67927176353188,3.87743156065853,3.56223701159757,27.3519606436032,0.300104592450338,0.402794879552285
"3_7_BEPA_0_5_500_180831_AF","37","3",7,"Betula papyrifera","0-5",0.2753,0.0036,78.4,278377.1,"yes",2157.76994465268,62.9218,0.2313,2.657,0.104,6345,4024,419,2.94,1.86,0.21,"Low",27.83771,228.557210316019,1.37118072330984,3.36168390565801,4.37449836825309,5.43615228085764,46.4518023832518,0.19062035960865,1.29664313916724
"3_7_BEPA_5_10_500_180831_AF","37","3",7,"Betula papyrifera","5-10",0.0995,0.0012,95.7,118555.5,"no",952.150379801754,21.8899,0.2508,1.481,0.067,1189,830,72,1.25,0.87,0.31,"Low",11.85555,219.998994974874,0.810930216216329,2.5537756247112,4.57161340245925,5.39815815388241,30.8569340635416,0.27002713721306,0.908661704709664
"3_7_BEPA_10_15_500_180831_AF","37","3",7,"Betula papyrifera","10-15",0.0744,0.001,92.1,92668.8,"no",684.963086448935,8.2458,0.3057,1.264,0.059,230,170,18,0.34,0.25,0.38,"Low",9.26688,110.83064516129,0.29266961396282,2.32892318031631,4.53367418428302,4.71698563014883,26.1717994499602,0.322083499169113,0.817133160340937
"3_7_BEPA_15_20_500_180831_AF","37","3",7,"Betula papyrifera","15-20",0.0555,7e-04,68.4,46015.4,"no",379.943367781893,7.59,0.3229,0.922,0.06,307,233,12,0.81,0.61,0.57,"Low",4.60154,136.756756756757,0.593326845277734,1.72304155993553,4.23988686751276,4.92548949769582,19.4921360497482,0.451075619360217,0.653366310548101
"3_7_BEPA_20_30_500_180831_AF","37","3",7,"Betula papyrifera","20-30",0.0125,1e-04,69.3,5858.4,"no",86.6490319881274,3.0375,0.3284,0.29,0.043,138,85,4,1.59,0.98,0.46,"Low",0.58584,243,0.951657875711446,0.461114235399818,4.25277179881662,5.4971682252932,9.30854618015764,0.378436435720245,0.254642218373581
"3_12_PIGL_0_5_500_180831_AF","312","3",12,"Picea glauca","0-5",1.1382,0.0155,23.2,360353.8,"yes",2643.70218268125,57.2934,0.267,3.82,0.298,3456,2255,241,1.31,0.85,0.32,"Low",36.03538,50.3368476541908,0.837247524533702,3.61187367197694,3.18635263316264,3.93840877219811,51.4169445093857,0.27763173659828,1.57277392806251
"3_12_PIGL_5_10_500_180831_AF","312","3",12,"Picea glauca","5-10",0.3895,0.0052,47.2,246101.1,"no",1836.84549325097,38.2357,0.4068,3.398,0.115,899,603,48,0.49,0.33,0.3,"Low",24.61011,98.1661103979461,0.398776119957368,3.2429871953994,3.87535902105655,4.59679632686937,42.8584354970054,0.262364264467491,1.48114989213257
"3_12_PIGL_10_15_500_180831_AF","312","3",12,"Picea glauca","10-15",0.2071,0.0028,44,122391.2,"no",911.482238962029,15.4605,0.5256,1.812,0.114,291,163,7,0.32,0.18,0.2,"Low",12.23912,74.6523418638339,0.27763173659828,2.58317608304315,3.80666248977032,4.32614839631614,30.1907641334569,0.182321556793955,1.03389597394842
"3_12_PIGL_15_20_500_180831_AF","312","3",12,"Picea glauca","15-20",0.0149,2e-04,76.2,15953.8,"no",113.262499953931,2.9028,0.3932,0.398,0.037,93,38,5,0.82,0.34,0.24,"Low",1.59538,194.818791946309,0.598836501088704,0.953732941350022,4.34639945703073,5.27718970070206,10.6424856097592,0.215111379616945,0.335042643811619
"3_12_PIGL_20_30_500_180831_AF","312","3",12,"Picea glauca","20-30",0.0441,3e-04,47.8,13031,"no",210.711411592802,1.6073,0.3567,0.251,0.175,72,31,2,0.34,0.15,0.36,"Low",1.3031,36.4467120181406,0.29266961396282,0.834256041519825,3.8877303128591,3.62291890953053,14.5159020247728,0.307484699747961,0.223943231484774
"3_13_PIST_0_5_500_180831_AF","313","3",13,"Pinus strobus","0-5",0.2275,0.0033,23.8,77692.6,"no",542.484760399744,21.4484,0.5603,3.69,0.062,181,85,1,0.33,0.16,0.37,"Low",7.76926,94.2786813186813,0.285178942233662,2.17125242426074,3.21084365317094,4.55680608488705,23.2913022478294,0.314810739840034,1.54543258245819
"3_13_PIST_5_10_500_180831_AF","313","3",13,"Pinus strobus","5-10",0.406,0.005,17.3,86197.3,"no",703.553879217167,58.0843,0.5193,8.642,0.047,1584,893,29,2.25,1.27,0.3,"Low",8.61973,143.064778325123,1.17865499634165,2.26381619775568,2.90690105984738,4.97026304790408,26.5245900857519,0.262364264467491,2.26612855598343
"3_13_PIST_10_15_500_180831_AF","313","3",13,"Pinus strobus","10-15",0.2361,0.0034,18,60674.6,"no",425.425643199123,14.9326,0.6014,3.011,0.078,214,162,3,0.5,0.38,0.36,"Low",6.06746,63.2469292672596,0.405465108108164,1.95550115085965,2.94443897916644,4.1627339291275,20.6258489085691,0.307484699747961,1.38904058678792
"3_13_PIST_15_20_500_180831_AF","313","3",13,"Pinus strobus","15-20",0.0686,9e-04,19.7,17815.5,"no",135.562621596489,9.8864,0.5595,1.517,0.045,198,144,3,1.46,1.06,0.28,"Low",1.78155,144.116618075802,0.900161349944271,1.02300832628392,3.03013370027132,4.97753768176646,11.6431362440061,0.246860077931526,0.923067716153179
"3_13_PIST_20_30_500_180831_AF","313","3",13,"Pinus strobus","20-30",0.0187,2e-04,69.5,10557.7,"no",129.971962393025,2.5229,0.5504,0.415,0.045,66,14,2,0.51,0.11,0.32,"Low",1.05577,134.914438502674,0.412109650826833,0.72065047363098,4.25561270981822,4.91202555909477,11.4005246542878,0.27763173659828,0.347129531095201
"3_15_QURU_0_5_500_180906_AF","315","3",15,"Quercus rubra","0-5",0.7392,0.0087,53.9,468840.5,"no",3986.10879804044,150.3998,0.2535,7.995,0.092,7312,7820,1061,1.83,1.96,0.53,"Low",46.88405,203.462932900433,1.04027671165515,3.8687824635787,4.00551334851548,5.32038670184319,63.1356380979906,0.425267735404344,2.1966688674025
"3_15_QURU_5_10_500_180906_AF","315","3",15,"Quercus rubra","5-10",0.1664,0.0021,72,154045,"no",1197.8174454641,67.1014,0.2576,4.851,0.034,3746,3173,295,3.13,2.65,0.41,"Low",15.4045,403.253605769231,1.41827740697294,2.79755568743594,4.29045944114839,6.00204241806921,34.6094993529826,0.343589704390077,1.7666125868061
"3_15_QURU_10_15_500_180906_AF","315","3",15,"Quercus rubra","10-15",0.1215,0.0014,76,109575.4,"no",923.211912043619,30.7851,0.2567,2.694,0.045,1332,842,53,1.44,0.91,0.34,"Low",10.95754,253.375308641975,0.89199803930511,2.48136204174757,4.34380542185368,5.53881076953067,30.3844024467097,0.29266961396282,1.30670988177705
"3_15_QURU_15_20_500_180906_AF","315","3",15,"Quercus rubra","15-20",0.0885,0.001,77,78584.7,"no",681.29812197943,18.3668,0.2696,1.067,0.083,999,765,41,1.47,1.12,0.41,"Low",7.85847,207.534463276836,0.904218150639886,2.18137406347476,4.35670882668959,5.34010431907534,26.1016881059335,0.343589704390077,0.726098280699631
"3_15_QURU_20_30_500_180906_AF","315","3",15,"Quercus rubra","20-30",0.1515,9e-04,133.4,122380.3,"no",2021.7488134456,25.5446,0.2414,1.563,0.097,1712,1089,92,0.85,0.54,0.35,"Low",12.23803,168.611221122112,0.615185639090233,2.58309374789752,4.90082042808905,5.13350888344578,44.963861193692,0.300104592450338,0.941178447381934
"3_21_ACSA_0_5_500_180906_AF","321","3",21,"Acer saccharum","0-5",0.0761,9e-04,393.7,373605.3,"no",2997.94689994811,190.4199,0.3109,13.688,0.006,3713,3601,770,1.24,1.2,0.03,"Low",37.36053,2502.23258869908,0.806475865866949,3.64702906639529,5.9781259826688,7.82533821108548,54.7535103892719,0.0295588022415444,2.68703083387813
"3_21_ACSA_5_10_500_180906_AF","321","3",21,"Acer saccharum","5-10",0.1995,0.0024,57,136956.8,"no",1136.48375664401,67.8999,0.3344,4.663,0.043,1343,689,57,1.18,0.61,0.23,"Low",13.69568,340.35037593985,0.779324876800997,2.6875535730432,4.06044301054642,5.83290944519618,33.7117747477645,0.207014169384326,1.73395378713167
"3_21_ACSA_10_15_500_180906_AF","321","3",21,"Acer saccharum","10-15",0.1787,0.0021,54.3,114858.5,"no",970.931,68.4048,0.3417,5.805,0.031,1320,834,43,1.36,0.86,0.2,"Low",11.48585,382.791270285394,0.858661619037519,2.52459600311232,4.01277290852829,5.95009883783653,31.1597657244081,0.182321556793955,1.91765763610343
"3_21_ACSA_15_20_500_180906_AF","321","3",21,"Acer saccharum","15-20",0.1841,0.0021,54.7,114741,"no",1006.30736578473,47.3397,0.362,4.509,0.041,920,885,95,0.91,0.88,0.27,"Low",11.4741,257.141227593699,0.647103242058539,2.52365449474648,4.01998014693324,5.55350682893032,31.7223480496752,0.2390169004705,1.70638311849058
"3_21_ACSA_20_30_500_180906_AF","321","3",21,"Acer saccharum","20-30",0.1257,8e-04,57.2,47490.3,"no",718.548574527702,44.1851,0.3623,3.984,0.032,994,758,109,1.38,1.05,0.21,"Low",4.74903,351.512330946698,0.867100487683383,1.74903114492637,4.06388535473739,5.86508560304956,26.8057563692521,0.19062035960865,1.60623278148515
"8_2_PIGL_0_5_500_180906_AF","82","8",2,"Picea glauca","0-5",1.0543,0.0111,40.5,451356,"yes",4274.54989957917,42.9647,0.2711,0.057,18.617,1647,706,17,0.39,0.17,0.32,"High",45.1356,40.7518732808498,0.3293037471426,3.83158488625645,3.72569342723665,3.73174431929267,65.3800420585607,0.27763173659828,0.0554347068881005
"8_2_PIGL_5_10_500_180906_AF","82","8",2,"Picea glauca","5-10",0.2892,0.0031,64.1,196627.1,"no",1853.77024531189,46.5933,0.3962,3.926,0.074,954,712,49,0.51,0.38,0.24,"High",19.66271,161.110995850622,0.412109650826833,3.02833062643488,4.17592454921452,5.08828126018947,43.0554322392876,0.215111379616945,1.59452729969835
"8_2_PIGL_10_15_500_180906_AF","82","8",2,"Picea glauca","10-15",0.1044,0.0011,41.7,46798.5,"no",434.894318315607,20.9612,0.4762,2.22,0.047,392,279,12,0.9,0.64,0.27,"High",4.67985,200.777777777778,0.641853886172395,1.73692482393365,3.75419892023458,5.30716698182502,20.8541199362526,0.2390169004705,1.16938135955632
"8_2_PIGL_15_20_500_180906_AF","82","8",2,"Picea glauca","15-20",0.1572,0.0017,43,71728.6,"no",675.698403006042,24.5359,0.4587,2.792,0.056,387,207,7,0.57,0.31,0.24,"High",7.17286,156.080788804071,0.451075619360217,2.1008189088143,3.78418963391826,5.05676025136814,25.994199410754,0.215111379616945,1.33289358439278
"8_2_PIGL_20_30_500_180906_AF","82","8",2,"Picea glauca","20-30",0.0382,2e-04,40.5,8149.4,"no",154.809908676664,11.7477,0.474,0.584,0.065,200,133,1,1.29,0.86,0.18,"High",0.81494,307.531413612565,0.828551817566148,0.596052409319152,3.72569342723665,5.73182366510654,12.4422630046412,0.165514438477573,0.459953293392234
"8_3_QURU_0_5_500_180906_AF","83","8",3,"Quercus rubra","0-5",0.8229,0.0087,71.5,620108,"no",5880.1003021244,263.6598,0.2575,11.374,0.072,11945,17102,2732,2.03,2.91,0.31,"High",62.0108,320.403208166241,1.10856261952128,4.14330614027076,4.28358656186063,5.77269643510251,76.681812068602,0.27002713721306,2.5155974971088
"8_3_QURU_5_10_500_180906_AF","83","8",3,"Quercus rubra","5-10",0.2545,0.0027,94.9,254845.5,"no",2416.03828188523,96.7964,0.2596,2.689,0.095,4715,4152,531,1.95,1.72,0.29,"High",25.48455,380.339489194499,1.08180517035173,3.27656154410266,4.56330598188939,5.9436900261339,49.1532123251902,0.254642218373581,1.30535541861454
"8_3_QURU_10_15_500_180906_AF","83","8",3,"Quercus rubra","10-15",0.1793,0.0019,109.6,210153.1,"no",1963.99384024497,41.3,0.2647,2.228,0.08,1821,1173,91,0.93,0.6,0.27,"High",21.01531,230.340211935304,0.657520002916794,3.09173812041678,4.70592008908823,5.44388940598728,44.3169701158029,0.2390169004705,1.1718627504077
"8_3_QURU_15_20_500_180906_AF","83","8",3,"Quercus rubra","15-20",0.17,0.0018,116,208909.7,"no",1971.13494614079,37.5771,0.2729,3.295,0.052,1389,1217,169,0.7,0.62,0.25,"High",20.89097,221.041764705882,0.53062825106217,3.08607422302445,4.76217393479776,5.40286549348396,44.3974655373569,0.22314355131421,1.45745155543622
"8_3_QURU_20_30_500_180906_AF","83","8",3,"Quercus rubra","20-30",0.1603,8e-04,63.8,52735.2,"no",1022.65596337931,34.0215,0.3537,4.35,0.037,1026,642,36,1,0.63,0.25,"High",5.27352,212.23643169058,0.693147180559945,1.83633760062561,4.17130560335823,5.36240155804312,31.9789925322752,0.22314355131421,1.67709656090792
"8_12_LALA_0_5_500_180907_AF","812","8",12,"Larix laricina","0-5",0.8411,0.0089,64.2,571952.2,"no",5398.2585265504,49.2058,0.3832,2.621,0.321,1024,492,33,0.19,0.09,0.32,"High",57.19522,58.501723932945,0.173953307123438,4.0638032207803,4.17745946893261,4.0860052857948,73.4728421020339,0.27763173659828,1.2867502307835
"8_12_LALA_5_10_500_180907_AF","812","8",12,"Larix laricina","5-10",0.1337,0.0014,77.6,110259.8,"no",1037.60889507686,20.801,0.4012,1.903,0.07,569,391,27,0.55,0.38,0.26,"High",11.02598,155.579655946148,0.438254930931155,2.48706930955263,4.36437169943516,5.05356486417341,32.211937151883,0.231111720963387,1.06574468504249
"8_12_LALA_10_15_500_180907_AF","812","8",12,"Larix laricina","10-15",0.0345,4e-04,87.2,35360.8,"no",300.981388301154,9.9274,0.4111,0.971,0.036,228,139,6,0.76,0.46,0.19,"High",3.53608,287.750724637681,0.56531380905006,1.51206320295423,4.47960696301275,5.66556377140058,17.3488151843621,0.173953307123438,0.678541028170583
"8_12_LALA_15_20_500_180907_AF","812","8",12,"Larix laricina","15-20",0.1128,0.0012,27.4,32712.9,"no",309.019183739422,15.8145,0.4823,1.974,0.057,353,226,7,1.14,0.73,0.25,"High",3.27129,140.199468085106,0.76080582903376,1.45191588934352,3.34638914516716,4.9501735579494,17.5789414851811,0.22314355131421,1.08990784803796
"8_12_LALA_20_30_500_180907_AF","812","8",12,"Larix laricina","20-30",0.0151,1e-04,0,0,"no",29.8976,4.7211,0.5026,0.034,0.451,155,77,5,5.18,2.58,0.2,"High",0,312.655629139073,1.8213182714696,0,0,5.74829566158104,5.46786978630618,0.182321556793955,0.0334347760862374
"8_14_BEPA_0_5_500_180907_AF","814","8",14,"Betula papyrifera","0-5",0.4737,0.0051,56.5,286693.2,"no",2678.67696290842,80.2909,0.269,2.87,0.165,3530,2992,381,1.32,1.12,0.34,"High",28.66932,169.497361199071,0.841567185678219,3.39011351526692,4.0517849478033,5.13871981976551,51.7559364991922,0.29266961396282,1.35325450704169
"8_14_BEPA_5_10_500_180907_AF","814","8",14,"Betula papyrifera","5-10",0.1474,0.0016,81.7,127578.3,"no",1204.81284581885,32.7414,0.3426,2.077,0.071,977,667,35,0.81,0.55,0.25,"High",12.75783,222.12618724559,0.593326845277734,2.62160811658032,4.41521960202965,5.40773747350839,34.7104140830796,0.22314355131421,1.1239550963399
"8_14_BEPA_10_15_500_180907_AF","814","8",14,"Betula papyrifera","10-15",0.0918,0.001,89.9,87696.5,"no",825.340051682139,15.37,0.346,1.29,0.071,443,319,23,0.54,0.39,0.27,"High",8.76965,167.429193899782,0.431782416425538,2.27928064146213,4.50976000118343,5.12651544723305,28.7287321628042,0.2390169004705,0.828551817566148
"8_14_BEPA_15_20_500_180907_AF","814","8",14,"Betula papyrifera","15-20",0.1116,0.0012,71.9,83233.1,"no",802.569201057884,8.345,0.3715,0.649,0.172,277,193,9,0.35,0.24,0.36,"High",8.32331,74.7759856630824,0.300104592450338,2.23251771586118,4.28908863901461,4.32778143062017,28.3296523285741,0.307484699747961,0.500169043577462
"8_14_BEPA_20_30_500_180907_AF","814","8",14,"Betula papyrifera","20-30",0.0271,1e-04,121,17235.8,"no",328.192372021725,3.6756,0.2847,0.94,0.029,184,110,3,0.56,0.34,0.31,"High",1.72358,135.630996309963,0.444685821261446,1.00194719137751,4.80402104473326,4.91728383435311,18.1160804817633,0.27002713721306,0.662687973075237
"8_16_PIST_0_5_500_180907_AF","816","8",16,"Pinus strobus","0-5",0.9712,0.0115,15.2,174550.6,"no",1480.45988837786,9.7789,0.5622,1.309,0.742,61,15,0,0.04,0.01,0.4,"High",17.45506,10.0688838550247,0.0392207131532813,2.91533858762813,2.78501124223834,2.40413791553289,38.4767447736663,0.336472236621213,0.836814530372358
"8_16_PIST_5_10_500_180907_AF","816","8",16,"Pinus strobus","5-10",0.5419,0.0061,20.3,123512.6,"no",1102.18941090458,41.9644,0.5091,4.418,0.123,623,440,16,0.57,0.4,0.29,"High",12.35126,77.4393799594021,0.451075619360217,2.59161076241503,3.05870707271538,4.36232609664879,33.1992381072907,0.254642218373581,1.6897267436629
"8_16_PIST_10_15_500_180907_AF","816","8",16,"Pinus strobus","10-15",0.4787,0.0053,22.2,117208.5,"no",1063.0586,31.4478,0.608,5.651,0.085,513,435,7,0.48,0.41,0.26,"High",11.72085,65.6941717150616,0.392042087776024,2.54324237957873,3.14415227867226,4.20011756851989,32.604579432957,0.231111720963387,1.89476721930228
"8_16_PIST_15_20_500_180907_AF","816","8",16,"Pinus strobus","15-20",0.2518,0.0027,22,60329.1,"no",554.652043517707,24.4042,0.6101,5.98,0.042,333,249,6,0.6,0.45,0.25,"High",6.03291,96.9189833200953,0.470003629245736,1.95060056042899,3.13549421592915,4.58414043594965,23.5510518558664,0.22314355131421,1.94304891677428
"8_16_PIST_20_30_500_180907_AF","816","8",16,"Pinus strobus","20-30",0.3482,0.0044,21.7,95145,"no",755.491955510339,39.2303,0.6248,4.925,0.071,716,659,15,0.95,0.87,0.25,"High",9.5145,112.665996553705,0.667829372575655,2.35275525690662,3.12236492448736,4.73326429317608,27.4862139173503,0.22314355131421,1.77918068702119
"8_23_ACSA_0_5_500_180907_AF","823","8",23,"Acer saccharum","0-5",0.6259,0.0068,44.8,306434.9,"yes",2803.32714075903,112.9258,0.2255,0.779,0.804,6370,4283,764,2.27,1.53,0.23,"High",30.64349,180.421473078767,1.18478998490916,3.45453244022988,3.82428409112014,5.20082290486923,52.9464554126056,0.207014169384326,0.576051408683698
"8_23_ACSA_5_10_500_180907_AF","823","8",23,"Acer saccharum","5-10",0.2829,0.0031,62.2,192717.8,"no",1759.04108887465,83.8758,0.3372,6.02,0.047,1805,1507,182,1.03,0.86,0.2,"High",19.27178,296.485683987275,0.708035793053696,3.00922977111263,4.14630430115281,5.69536610277665,41.9409237961522,0.182321556793955,1.94876321803772
"8_23_ACSA_10_15_500_180907_AF","823","8",23,"Acer saccharum","10-15",0.2268,0.0024,61.7,148752.4,"no",1398.96911754641,96.29,0.3282,7.601,0.03,2309,1499,183,1.65,1.07,0.2,"High",14.87524,424.559082892416,0.974559639998131,2.76476066277471,4.13836144763888,6.05340379358526,37.4027955846406,0.182321556793955,2.15187847556934
"8_23_ACSA_15_20_500_180907_AF","823","8",23,"Acer saccharum","15-20",0.1283,0.0014,75.1,103592.8,"no",963.64637467898,59.6034,0.3259,4.771,0.027,1252,528,45,1.3,0.55,0.17,"High",10.35928,464.562743569758,0.832909122935104,2.4300350310027,4.33204826486764,6.14324687510942,31.042654117826,0.157003748809665,1.75284537572883
"8_23_ACSA_20_30_500_180907_AF","823","8",23,"Acer saccharum","20-30",0.2118,0.0011,80.4,90645.8,"no",1703.32717659442,98.4579,0.319,7.741,0.027,1891,1092,261,1.11,0.64,0.16,"High",9.06458,464.862606232295,0.746687947487975,2.30902232945805,4.39937527300849,6.14389075424146,41.2713844763466,0.148420005118273,2.16802459959835
"4_2_QURU_0_5_500_180911_AF","42","4",2,"Quercus rubra","0-5",0.8399,0.009,72.9,653092.7,"no",6122.54242127904,253.7077,0.26,9.57,0.088,12241,17969,2886,2,2.93,0.35,"High",65.30927,302.068936778188,1.09861228866811,4.19432970642258,4.30271282795416,5.71396029375139,78.2466767427157,0.300104592450338,2.35801979988215
"4_2_QURU_5_10_500_180911_AF","42","4",2,"Quercus rubra","5-10",0.0971,0.001,118.2,123167.4,"no",1147.41903435807,59.2251,0.2495,3.744,0.026,2869,2370,295,2.5,2.07,0.2,"High",12.31674,609.939237899073,1.25276296849537,2.58902189041262,4.78080275463125,6.41499750725272,33.8735742778655,0.182321556793955,1.55688066169542
"4_2_QURU_10_15_500_180911_AF","42","4",2,"Quercus rubra","10-15",0.1564,0.0017,91.7,155496.9,"no",1434.79244163187,29.4219,0.2626,2.201,0.071,1435,1175,168,1,0.82,0.33,"High",15.54969,188.119565217391,0.693147180559945,2.80636737052982,4.52936847257181,5.24237943523768,37.8786541686986,0.285178942233662,1.16346326098773
"4_2_QURU_15_20_500_180911_AF","42","4",2,"Quercus rubra","15-20",0.093,0.001,107.6,108400.5,"no",1001.14148672202,20.8103,0.2555,1.249,0.074,792,429,34,0.79,0.43,0.6,"High",10.84005,223.766666666667,0.582215619852664,2.47148785241992,4.68767140749983,5.41506282707243,31.6408199438956,0.470003629245736,0.810485672977179
"4_2_QURU_20_30_500_180911_AF","42","4",2,"Quercus rubra","20-30",0.1282,7e-04,88.6,62979,"no",1135.47951256837,17.4715,0.2799,1.83,0.07,437,153,4,0.38,0.13,0.41,"High",6.2979,136.283151326053,0.322083499169113,1.98758663553616,4.49535531998088,4.92204559093985,33.696876896359,0.343589704390077,1.04027671165515
"4_1_PIGL_0_5_500_180911_AF","41","4",1,"Picea glauca","0-5",0.9694,0.0103,41.1,424160.1,"no",3984.93212959638,70.5852,0.3727,4.236,0.229,1837,1560,99,0.46,0.39,0.36,"High",42.41601,72.8132865690118,0.378436435720245,3.77082826709091,3.74004774068834,4.30153875021256,63.1263188345113,0.307484699747961,1.65555784804765
"4_1_PIGL_5_10_500_180911_AF","41","4",1,"Picea glauca","5-10",0.5667,0.006,45.7,276096.3,"no",2592.71013090623,32.9121,0.3742,2.066,0.274,707,405,17,0.27,0.16,0.31,"High",27.60963,58.076760190577,0.2390169004705,3.35374337443732,3.84374416467485,4.07883761849158,50.9186619119771,0.27002713721306,1.12037378044962
"4_1_PIGL_10_15_500_180911_AF","41","4",1,"Picea glauca","10-15",0.2361,0.0025,56.6,143101.4,"no",1337.51575935129,17.0003,0.36,1.567,0.151,539,307,14,0.4,0.23,0.29,"High",14.31014,72.0046590427785,0.336472236621213,2.72851535397788,4.05352256770185,4.29052326161564,36.5720625526,0.254642218373581,0.942737901889003
"4_1_PIGL_15_20_500_180911_AF","41","4",1,"Picea glauca","15-20",0.0437,5e-04,46.5,21879.5,"no",203.493188524972,8.0301,0.4059,0.29,0.151,269,125,9,1.32,0.61,0.27,"High",2.18795,183.755148741419,0.841567185678219,1.15937807699067,3.8607297110406,5.21903142813508,14.2651038736131,0.2390169004705,0.254642218373581
"4_1_PIGL_20_30_500_180911_AF","41","4",1,"Picea glauca","20-30",0.082,4e-04,40.5,17992.7,"no",331.94375504899,8.4632,0.4267,0.939,0.087,241,127,6,0.73,0.38,0.3,"High",1.79927,103.209756097561,0.548121408509688,1.02935866890357,3.72569342723665,4.64640575351183,18.2193236715579,0.262364264467491,0.662172376260515
"4_7_BEPA_0_5_500_180911_AF","47","4",7,"Betula papyrifera","0-5",0.4396,0.0048,72,345362.6,"no",3167.36406820234,52.7041,0.2715,2.362,0.186,1997,1518,148,0.63,0.48,0.33,"High",34.53626,119.891037306642,0.488580014818671,3.57055358364939,4.29045944114839,4.79488962175979,56.2793396212353,0.285178942233662,1.21253603498642
"4_7_BEPA_5_10_500_180911_AF","47","4",7,"Betula papyrifera","5-10",0.3659,0.0039,87.6,344377,"no",3204.54326634337,54.809,0.2749,3.182,0.115,2859,1917,189,0.89,0.6,0.28,"High",34.4377,149.792292976223,0.636576829071551,3.56777622521102,4.48413185761104,5.01590334668309,56.6086854320375,0.246860077931526,1.43078960100644
"4_7_BEPA_10_15_500_180911_AF","47","4",7,"Betula papyrifera","10-15",0.1576,0.0017,93.7,160751.8,"no",1477.5192328618,25.6576,0.2692,1.445,0.109,1117,820,75,0.76,0.55,0.38,"High",16.07518,162.802030456853,0.56531380905006,2.83762594712896,4.55071400019203,5.09865856729362,38.4385123653583,0.322083499169113,0.894045122926835
"4_7_BEPA_15_20_500_180911_AF","47","4",7,"Betula papyrifera","15-20",0.1542,0.0016,112.3,184205.2,"no",1732.52890115402,22.5578,0.3225,1.672,0.092,737,421,26,0.43,0.24,0.35,"High",18.42052,146.289234760052,0.357674444271816,2.96633023902375,4.73003916803396,4.99239823702358,41.6236579501853,0.300104592450338,0.982827255674399
"4_7_BEPA_20_30_500_180911_AF","47","4",7,"Betula papyrifera","20-30",0.0149,1e-04,87.9,7016.7,"no",130.9508,12.2529,0.2978,0.008,1.863,765,414,19,5.84,3.16,0.16,"High",0.70167,822.342281879195,1.92278773163446,0.53161012181046,4.48751214251986,6.71337200957403,11.4433736284367,0.148420005118273,0.00796816964917688
"4_15_LALA_0_5_500_180912_AF","415","4",15,"Larix laricina","0-5",0.8687,0.0092,40.3,370566.3,"no",3503.62742864182,54.2165,0.4113,3.774,0.23,1114,580,29,0.32,0.17,0.31,"High",37.05663,62.4110740186486,0.27763173659828,3.63907531354414,3.72086249996699,4.14963851525417,59.1914472592267,0.27002713721306,1.56318452791664
"4_15_LALA_5_10_500_180912_AF","415","4",15,"Larix laricina","5-10",0.1794,0.0019,49.5,95985.6,"no",888.379840959532,20.8012,0.4537,2.829,0.063,499,309,11,0.56,0.35,0.29,"High",9.59856,115.948717948718,0.444685821261446,2.3607181428331,3.92197333628131,4.76173553058205,29.8057014841042,0.254642218373581,1.34260367249516
"4_15_LALA_10_15_500_180912_AF","415","4",15,"Larix laricina","10-15",0.1438,0.0016,27.9,43489.8,"no",400.563792093903,10.5031,0.5029,0.794,0.181,253,154,5,0.63,0.38,0.5,"High",4.34898,73.0396383866481,0.488580014818671,1.67690588852548,3.36384159511839,4.30460060366647,20.0140898392583,0.405465108108164,0.584447763636604
"4_15_LALA_15_20_500_180912_AF","415","4",15,"Larix laricina","15-20",0.0712,8e-04,28.6,21975.1,"no",204.019256700577,6.1571,0.5675,0.835,0.085,127,70,5,0.62,0.34,0.33,"High",2.19751,86.4761235955056,0.482426149244293,1.16237238190929,3.38777436133001,4.47136588293268,14.2835309605355,0.285178942233662,0.607044481506534
"4_15_LALA_20_30_500_180912_AF","415","4",15,"Larix laricina","20-30",0.0011,0,39.8,243.1,"no",4.3816,0.5228,0.3798,0.062,0.018,35,11,0,7.99,2.51,0.29,"High",0.02431,475.272727272727,2.19611284848353,0.0240192151775114,3.70868208141012,6.16599064660985,2.09322717352895,0.254642218373581,0.0601539228197471
"4_4_PIST_0_5_500_180912_AF","44","4",4,"Pinus strobus","0-5",0.5297,0.0057,20.5,117607.9,"no",1084.77449423695,34.3018,0.5414,5.683,0.093,451,276,9,0.42,0.25,0.36,"High",11.76079,64.757032282424,0.350656871613169,2.54637718822587,3.06805293513362,4.18596662020437,32.9359149597662,0.307484699747961,1.89956698852893
"4_4_PIST_5_10_500_180912_AF","44","4",4,"Pinus strobus","5-10",0.2504,0.0027,32.4,87327.4,"no",812.050229955702,14.3432,0.4149,3.006,0.083,426,314,10,0.52,0.39,0.29,"High",8.73274,57.2811501597444,0.418710334858185,2.27549545984395,3.50855589998265,4.06527871619995,28.4964950468597,0.254642218373581,1.38779323724363
"4_4_PIST_10_15_500_180912_AF","44","4",4,"Pinus strobus","10-15",0.2305,0.0025,45.1,113141.3,"no",1039.54525029666,13.1662,0.51,2.046,0.113,313,247,7,0.3,0.24,0.28,"High",11.31413,57.1201735357918,0.262364264467491,2.51074738352278,3.8308129500026,4.06251282451648,32.2419796274463,0.246860077931526,1.11382925447297
"4_4_PIST_15_20_500_180912_AF","44","4",4,"Pinus strobus","15-20",0.1888,0.002,39,78580.2,"no",736.028094959297,11.8689,0.3853,2.07,0.091,407,194,2,0.55,0.26,0.28,"High",7.85802,62.864936440678,0.438254930931155,2.18132326334447,3.68887945411394,4.15677048528056,27.1298377245294,0.246860077931526,1.12167756159911
"4_4_PIST_20_30_500_180912_AF","44","4",4,"Pinus strobus","20-30",0.156,9e-04,44.7,38841.1,"no",697.708850344053,13.6811,0.5683,2.677,0.058,237,155,5,0.34,0.22,0.26,"High",3.88411,87.699358974359,0.29266961396282,1.58598707851735,3.82209829790016,4.4852526623938,26.4141789640347,0.231111720963387,1.30209720231914
"4_24_ACSA_0_5_500_180912_AF","424","4",24,"Acer saccharum","0-5",1.9695,0.0223,33.9,756892.9,"yes",6671.7650264102,173.589,0.283,3.872,0.509,7564,5968,748,1.13,0.89,0.27,"High",75.68929,88.1386138613861,0.756121979721334,4.33976206368201,3.55248682920838,4.49019261726722,81.6808730757097,0.2390169004705,1.5835045304076
"4_24_ACSA_5_10_500_180912_AF","424","4",24,"Acer saccharum","5-10",0.1683,0.0019,53.6,103855.4,"no",902.498486821432,54.7528,0.3577,4.813,0.035,1215,891,52,1.35,0.99,0.21,"High",10.38554,325.328579916815,0.854415328156068,2.43234412922094,4.00003388275086,5.78790478761785,30.0416125869007,0.19062035960865,1.76009678871921
"4_24_ACSA_10_15_500_180912_AF","424","4",24,"Acer saccharum","10-15",0.2608,0.0029,51.3,149469.2,"no",1336.58451864507,91.2525,0.3604,7.494,0.035,2424,1341,114,1.81,1,0.19,"High",14.94692,349.894555214724,1.03318448334565,2.76926570713571,3.95699637107088,5.86048576583933,36.5593287499247,0.173953307123438,2.13936003189108
"4_24_ACSA_15_20_500_180912_AF","424","4",24,"Acer saccharum","15-20",0.2909,0.0032,49.8,160291.3,"no",1449.04335777278,73.3936,0.3477,6.048,0.048,1882,915,64,1.3,0.63,0.19,"High",16.02913,252.29838432451,0.832909122935104,2.83492540705138,3.92789635458444,5.5345681784816,38.0663021289536,0.173953307123438,1.95274388863388
"4_24_ACSA_20_30_500_180912_AF","424","4",24,"Acer saccharum","20-30",0.1456,8e-04,58.7,47609.5,"no",854.575849655009,28.7434,0.3474,3.066,0.047,651,278,14,0.76,0.33,0.19,"High",4.76095,197.413461538462,0.56531380905006,1.75110239166381,4.08933202039856,5.29035304304531,29.2331293168386,0.173953307123438,1.40265971520615
"7_10_PIST_0_5_500_180912_AF","710","7",10,"Pinus strobus","0-5",1.152,0.0123,27.8,340938.6,"no",3200.0360345225,49.6696,0.5514,5.723,0.201,410,192,3,0.13,0.06,0.31,"High",34.09386,43.1159722222222,0.122217632724249,3.55802618639507,3.3603753871419,3.78682189879057,56.5688609972174,0.27002713721306,1.9055344834869
"7_10_PIST_5_10_500_180912_AF","710","7",10,"Pinus strobus","5-10",0.1537,0.0016,29.6,48259.2,"no",454.864152833636,15.6105,0.4975,2.597,0.059,290,182,6,0.64,0.4,0.31,"High",4.82592,101.564736499675,0.494696241836107,1.76231692689473,3.42100000895834,4.63049417482511,21.3275444632906,0.27002713721306,1.28010016471349
"7_10_PIST_10_15_500_180912_AF","710","7",10,"Pinus strobus","10-15",0.2359,0.0025,36.5,92550.3,"no",861.539064773188,18.977,0.4577,2.634,0.09,453,259,8,0.53,0.3,0.3,"High",9.25503,80.4451038575668,0.425267735404344,2.32776831692231,3.62434093297637,4.39992922099528,29.3519857040914,0.262364264467491,1.29033396997398
"7_10_PIST_15_20_500_180912_AF","710","7",10,"Pinus strobus","15-20",0.3379,0.0036,20.3,73566.5,"no",685.293705538527,21.0842,0.5267,3.506,0.096,477,269,10,0.7,0.39,0.26,"High",7.35665,62.3977508138503,0.53062825106217,2.12305762908447,3.05870707271538,4.14942838469165,26.1781150111792,0.231111720963387,1.50540984201005
"7_10_PIST_20_30_500_180912_AF","710","7",10,"Pinus strobus","20-30",0.0962,5e-04,46.2,23872.3,"no",444.135627443979,16.1973,0.4066,2.039,0.047,447,288,8,1.01,0.65,0.23,"High",2.38723,168.371101871102,0.698134722070984,1.22001247823218,3.85439389259151,5.13209217658596,21.0745255567944,0.207014169384326,1.11152851393466
"7_11_ACSA_0_5_500_180913_AF","711","7",11,"Acer saccharum","0-5",0.5168,0.006,57.6,344501.8,"no",2974.586536658,162.0456,0.3126,8.502,0.061,4891,4463,622,1.64,1.5,0.23,"High",34.45018,313.55572755418,0.970778917158225,3.56812833053929,4.07073469658297,5.75116125457441,54.5397702292373,0.207014169384326,2.25150230276473
"7_11_ACSA_5_10_500_180913_AF","711","7",11,"Acer saccharum","5-10",0.2313,0.0026,52.2,138026.4,"no",1207.10458096182,53.0275,0.3573,4.416,0.052,1243,701,24,1.03,0.58,0.21,"High",13.80264,229.258538694336,0.708035793053696,2.69480554324092,3.9740583963476,5.43920275889661,34.743410612112,0.19062035960865,1.68935753560997
"7_11_ACSA_10_15_500_180913_AF","711","7",11,"Acer saccharum","10-15",0.3148,0.0037,49.3,181755.9,"no",1551.93555567747,77.9846,0.3527,5.211,0.06,1945,1094,67,1.25,0.7,0.22,"High",18.17559,247.727445997459,0.810930216216329,2.95363811601073,3.91800507710569,5.51635770257104,39.3946132824968,0.198850858745165,1.82632191357717
"7_11_ACSA_15_20_500_180913_AF","711","7",11,"Acer saccharum","15-20",0.1289,0.0015,54.2,83147.5,"no",698.929635598797,52.1027,0.3574,4.809,0.027,1006,454,28,1.44,0.65,0.18,"High",8.31475,404.210240496509,0.89199803930511,2.23159916526076,4.01096295328305,6.0044060447514,26.437277386274,0.165514438477573,1.7594084390104
"7_11_ACSA_20_30_500_180913_AF","711","7",11,"Acer saccharum","20-30",0.2073,0.0013,52.7,66466.1,"no",1092.80284388042,60.8583,0.3658,6.068,0.034,1187,548,24,1.09,0.5,0.19,"High",6.64661,293.575976845152,0.73716406597672,2.03426241236921,3.98341300151482,5.68553695571086,33.0575686323181,0.173953307123438,1.95557755445745
"7_12_QURU_0_5_500_180913_AF","712","7",12,"Quercus rubra","0-5",0.8989,0.01,68.4,681555.1,"no",6145.82869032501,254.5168,0.2458,12.568,0.072,11238,15236,2888,1.83,2.48,0.33,"High",68.15551,283.142507509178,1.04027671165515,4.23635773678739,4.23988686751276,5.64947589931235,78.3953358964997,0.285178942233662,2.60771407904955
"7_12_QURU_5_10_500_180913_AF","712","7",12,"Quercus rubra","5-10",0.1895,0.0022,99.9,214950.5,"no",1892.82508505669,25.9703,0.2498,1.315,0.144,870,490,10,0.46,0.26,0.39,"High",21.49505,137.046437994723,0.378436435720245,3.11329528500682,4.61412992735956,4.92759013575949,43.5066096709074,0.3293037471426,0.839409687538197
"7_12_QURU_10_15_500_180913_AF","712","7",12,"Quercus rubra","10-15",0.5242,0.0059,71.2,417928.6,"no",3730.28912002846,72.3151,0.2523,4.756,0.11,3508,2426,207,0.94,0.65,0.33,"High",41.79286,137.953262113697,0.662687973075237,3.75637126624144,4.27944004589878,4.93413763280172,61.0760928680647,0.285178942233662,1.75024278902512
"7_12_QURU_15_20_500_180913_AF","712","7",12,"Quercus rubra","15-20",0.0859,0.001,139.7,137655.5,"no",1199.49778705986,23.0661,0.2766,4.081,0.021,869,536,20,0.72,0.45,0.28,"High",13.76555,268.522700814901,0.542324290825362,2.69229676475609,4.94662996412034,5.59665261988106,34.633766573387,0.246860077931526,1.6255080926116
"7_12_QURU_20_30_500_180913_AF","712","7",12,"Quercus rubra","20-30",0.019,1e-04,370.5,38813.5,"no",703.628779944834,7.4367,0.2477,2.783,0.007,272,173,8,0.39,0.25,0.31,"High",3.88135,391.405263157895,0.3293037471426,1.58542182095171,5.91754886415781,5.97229514033799,26.5260019593009,0.27002713721306,1.33051734565089
"7_17_PIGL_0_5_500_180913_AF","717","7",17,"Picea glauca","0-5",2.2991,0.0261,27.9,729166.4,"no",6422.8689314583,26.1449,0.4112,1.567,1.467,529,409,9,0.08,0.06,0.3,"High",72.91664,11.3717976599539,0.0769610411361284,4.30293797175489,3.36384159511839,2.51541950001352,80.1428033666049,0.262364264467491,0.942737901889003
"7_17_PIGL_5_10_500_180913_AF","717","7",17,"Picea glauca","5-10",0.3987,0.0045,46.1,208779.8,"no",1839.30567420594,16.6978,0.3982,2.802,0.142,286,148,9,0.16,0.08,0.34,"High",20.87798,41.8806119889641,0.148420005118273,3.08548065153684,3.85227300102237,3.75841978879139,42.8871271386408,0.29266961396282,1.33552724406624
"7_17_PIGL_10_15_500_180913_AF","717","7",17,"Picea glauca","10-15",0.4449,0.005,42.6,214115.7,"no",1892.89779279543,25.404,0.3691,1.941,0.229,789,462,21,0.42,0.24,0.29,"High",21.41157,57.1004720161834,0.350656871613169,3.1095773433687,3.77505715035499,4.06217378802768,43.5074452570526,0.254642218373581,1.07874965957186
"7_17_PIGL_15_20_500_180913_AF","717","7",17,"Picea glauca","15-20",0.2519,0.003,41.7,124950.1,"no",1050.35900567182,12.7979,0.3566,0.923,0.273,429,221,9,0.41,0.21,0.3,"High",12.49501,50.8054783644303,0.343589704390077,2.60231998748488,3.75419892023458,3.94749590360434,32.4092425963925,0.262364264467491,0.653886466606643
"7_17_PIGL_20_30_500_180913_AF","717","7",17,"Picea glauca","20-30",0.0756,5e-04,52.8,24874.2,"no",399.090902889874,8.376,0.4312,1.101,0.069,217,96,2,0.54,0.24,0.27,"High",2.48742,110.793650793651,0.431782416425538,1.24916220781628,3.98527346716774,4.71665476835388,19.9772596441522,0.2390169004705,0.742413421862863
"7_9_BEPA_0_5_500_180914_AF","79","7",9,"Betula papyrifera","0-5",0.5757,0.0062,87.6,542237.1,"yes",5040.89953872991,53.1247,0.2006,2.773,0.208,4352,2567,355,0.86,0.51,0.28,"High",54.22371,92.2784436338371,0.62057648772511,4.01139239004739,4.48413185761104,4.53558903757702,70.9992925227422,0.246860077931526,1.32787044098217
"7_9_BEPA_5_10_500_180914_AF","79","7",9,"Betula papyrifera","5-10",0.1234,0.0014,85.6,115625.2,"no",1057.0387782029,13.785,0.2931,1.268,0.097,463,259,14,0.44,0.25,0.44,"High",11.56252,111.709886547812,0.364643113587909,2.53071777785783,4.46129981556839,4.72481714166855,32.5121327845914,0.364643113587909,0.818898385865506
"7_9_BEPA_10_15_500_180914_AF","79","7",9,"Betula papyrifera","10-15",0.0505,5e-04,69.4,37477.4,"no",350.335219265324,12.3931,0.3337,1.146,0.044,492,397,33,1.4,1.13,0.26,"High",3.74774,245.407920792079,0.8754687373539,1.55766871534914,4.254193263164,5.50698837721444,18.7172439014221,0.231111720963387,0.763605644208507
"7_9_BEPA_15_20_500_180914_AF","79","7",9,"Betula papyrifera","15-20",0.1081,0.0012,63.6,75569.5,"no",687.43397202735,8.5161,0.3003,0.643,0.168,288,170,13,0.42,0.25,0.54,"High",7.55695,78.7798334875116,0.350656871613169,2.14674381824951,4.16821441078856,4.37927075932933,26.2189620699857,0.431782416425538,0.496523839055131
"7_9_BEPA_20_30_500_180914_AF","79","7",9,"Betula papyrifera","20-30",0.0374,2e-04,177.5,35293,"no",664.080737373885,3.7799,0.3184,0.562,0.067,109,59,6,0.16,0.09,0.27,"High",3.5293,101.066844919786,0.148420005118273,1.51056740216835,5.18458860121969,4.62562794099209,25.7697640147108,0.2390169004705,0.445967051417494
"7_13_LALA_0_5_500_180914_AF","713","7",13,"Larix laricina","0-5",0.7596,0.0085,32.3,274378.5,"no",2452.32044886744,51.6876,0.4472,5.012,0.152,897,525,20,0.37,0.21,0.34,"High",27.43785,68.0458135860979,0.314810739840034,3.34772100432774,3.5055573969864,4.23477024928592,49.5209092088124,0.29266961396282,1.79375747189073
"7_13_LALA_5_10_500_180914_AF","713","7",13,"Larix laricina","5-10",0.3344,0.0036,35.8,129824.8,"no",1196.40654838955,17.6544,0.509,0.448,0.747,369,239,11,0.31,0.2,0.27,"High",12.98248,52.7942583732057,0.27002713721306,2.63780511735321,3.60549784517489,3.98516673978495,34.5891102572696,0.2390169004705,0.370183293963525
"7_13_LALA_10_15_500_180914_AF","713","7",13,"Larix laricina","10-15",0.1659,0.0021,41,84153.2,"no",679.973674909404,13.3899,0.5539,1.247,0.133,240,142,4,0.35,0.21,0.28,"High",8.41532,80.7106690777577,0.300104592450338,2.24233814984804,3.73766961828337,4.40318458180707,26.0763048553549,0.246860077931526,0.809595993203192
"7_13_LALA_15_20_500_180914_AF","713","7",13,"Larix laricina","15-20",0.0131,1e-04,57.4,8585.6,"no",75.0681635559363,3.9861,0.4527,0.516,0.025,136,65,5,1.81,0.87,0.27,"High",0.85856,304.282442748092,1.03318448334565,0.61980199433413,4.06731588983418,5.72123738989225,8.66418856881222,0.2390169004705,0.41607528722018
"7_13_LALA_20_30_500_180914_AF","713","7",13,"Larix laricina","20-30",0.0824,5e-04,21.3,11308.4,"no",175.4033,7.0454,0.6075,1.279,0.064,143,89,5,0.82,0.51,0.31,"High",1.13084,85.502427184466,0.598836501088704,0.756516268176607,3.10458667846607,4.46017247348018,13.243991090302,0.27002713721306,0.823736750263547
